ISO-10303-21;
HEADER;
FILE_DESCRIPTION((''),'2;1');
FILE_NAME('112405-12','2015-06-09T',('Rajagopal'),(''),
'PRO/ENGINEER BY PARAMETRIC TECHNOLOGY CORPORATION, 2014440',
'PRO/ENGINEER BY PARAMETRIC TECHNOLOGY CORPORATION, 2014440','');
FILE_SCHEMA(('CONFIG_CONTROL_DESIGN'));
ENDSEC;
DATA;
#1=CARTESIAN_POINT('',(0.E0,0.E0,0.E0));
#2=DIRECTION('',(-1.E0,0.E0,0.E0));
#3=DIRECTION('',(0.E0,1.E0,0.E0));
#4=AXIS2_PLACEMENT_3D('',#1,#2,#3);
#6=CARTESIAN_POINT('',(0.E0,0.E0,0.E0));
#7=DIRECTION('',(1.E0,0.E0,0.E0));
#8=DIRECTION('',(0.E0,1.E0,0.E0));
#9=AXIS2_PLACEMENT_3D('',#6,#7,#8);
#11=CARTESIAN_POINT('',(0.E0,0.E0,0.E0));
#12=DIRECTION('',(1.E0,0.E0,0.E0));
#13=DIRECTION('',(0.E0,1.E0,0.E0));
#14=AXIS2_PLACEMENT_3D('',#11,#12,#13);
#16=DIRECTION('',(8.944271909999E-1,-4.472135955E-1,0.E0));
#17=VECTOR('',#16,5.590169943749E-1);
#18=CARTESIAN_POINT('',(0.E0,4.45E0,0.E0));
#19=LINE('',#18,#17);
#20=DIRECTION('',(8.944271909999E-1,4.472135955E-1,0.E0));
#21=VECTOR('',#20,5.590169943749E-1);
#22=CARTESIAN_POINT('',(0.E0,-4.45E0,0.E0));
#23=LINE('',#22,#21);
#24=CARTESIAN_POINT('',(0.E0,0.E0,0.E0));
#25=DIRECTION('',(-1.E0,0.E0,0.E0));
#26=DIRECTION('',(0.E0,1.E0,0.E0));
#27=AXIS2_PLACEMENT_3D('',#24,#25,#26);
#29=DIRECTION('',(9.998751594334E-1,-1.580080846134E-2,0.E0));
#30=VECTOR('',#29,7.910987612176E0);
#31=CARTESIAN_POINT('',(5.E-1,4.2E0,0.E0));
#32=LINE('',#31,#30);
#33=DIRECTION('',(9.998751594334E-1,1.580080846134E-2,0.E0));
#34=VECTOR('',#33,7.910987612176E0);
#35=CARTESIAN_POINT('',(5.E-1,-4.2E0,0.E0));
#36=LINE('',#35,#34);
#37=CARTESIAN_POINT('',(5.000000000001E-1,0.E0,0.E0));
#38=DIRECTION('',(-1.E0,0.E0,0.E0));
#39=DIRECTION('',(0.E0,1.E0,0.E0));
#40=AXIS2_PLACEMENT_3D('',#37,#38,#39);
#42=CARTESIAN_POINT('',(5.000000000001E-1,0.E0,0.E0));
#43=DIRECTION('',(1.E0,0.E0,0.E0));
#44=DIRECTION('',(0.E0,1.E0,0.E0));
#45=AXIS2_PLACEMENT_3D('',#42,#43,#44);
#47=CARTESIAN_POINT('',(8.41E0,0.E0,0.E0));
#48=DIRECTION('',(1.E0,0.E0,0.E0));
#49=DIRECTION('',(0.E0,1.E0,0.E0));
#50=AXIS2_PLACEMENT_3D('',#47,#48,#49);
#52=CARTESIAN_POINT('',(8.56E0,0.E0,0.E0));
#53=DIRECTION('',(-1.E0,0.E0,0.E0));
#54=DIRECTION('',(0.E0,-1.E0,0.E0));
#55=AXIS2_PLACEMENT_3D('',#52,#53,#54);
#57=DIRECTION('',(7.071067811865E-1,-7.071067811866E-1,0.E0));
#58=VECTOR('',#57,2.121320343560E-1);
#59=CARTESIAN_POINT('',(8.41E0,4.075E0,0.E0));
#60=LINE('',#59,#58);
#61=CARTESIAN_POINT('',(8.56E0,0.E0,0.E0));
#62=DIRECTION('',(-1.E0,0.E0,0.E0));
#63=DIRECTION('',(0.E0,1.E0,0.E0));
#64=AXIS2_PLACEMENT_3D('',#61,#62,#63);
#66=DIRECTION('',(7.071067811865E-1,7.071067811866E-1,0.E0));
#67=VECTOR('',#66,2.121320343560E-1);
#68=CARTESIAN_POINT('',(8.41E0,-4.075E0,0.E0));
#69=LINE('',#68,#67);
#70=CARTESIAN_POINT('',(8.41E0,0.E0,0.E0));
#71=DIRECTION('',(-1.E0,0.E0,0.E0));
#72=DIRECTION('',(0.E0,1.E0,0.E0));
#73=AXIS2_PLACEMENT_3D('',#70,#71,#72);
#75=CARTESIAN_POINT('',(1.74E0,4.825E0,0.E0));
#76=CARTESIAN_POINT('',(1.74E0,4.825E0,-6.988256137215E-2));
#77=CARTESIAN_POINT('',(1.745835967059E0,4.821972271965E0,-2.091737061200E-1));
#78=CARTESIAN_POINT('',(1.772090922860E0,4.808421145849E0,-4.171599741991E-1));
#79=CARTESIAN_POINT('',(1.815440519172E0,4.786278649626E0,-6.212374822138E-1));
#80=CARTESIAN_POINT('',(1.875274926705E0,4.756196807927E0,-8.199536074819E-1));
#81=CARTESIAN_POINT('',(1.950741584321E0,4.719066275461E0,-1.011590871102E0));
#82=CARTESIAN_POINT('',(2.040994673451E0,4.675873725875E0,-1.195088152738E0));
#83=CARTESIAN_POINT('',(2.145357927703E0,4.627623107430E0,-1.369736593142E0));
#84=CARTESIAN_POINT('',(2.223732977626E0,4.592881601490E0,-1.479605103483E0));
#85=CARTESIAN_POINT('',(2.265158234187E0,4.575E0,-1.532970971676E0));
#87=DIRECTION('',(-1.E0,0.E0,0.E0));
#88=VECTOR('',#87,1.74E0);
#89=CARTESIAN_POINT('',(1.74E0,4.825E0,0.E0));
#90=LINE('',#89,#88);
#91=DIRECTION('',(-1.E0,0.E0,0.E0));
#92=VECTOR('',#91,1.74E0);
#93=CARTESIAN_POINT('',(1.74E0,-4.825E0,0.E0));
#94=LINE('',#93,#92);
#95=CARTESIAN_POINT('',(2.265158234187E0,-4.575E0,-1.532970971676E0));
#96=CARTESIAN_POINT('',(2.223692002389E0,-4.592899288836E0,-1.479552317352E0));
#97=CARTESIAN_POINT('',(2.145237075328E0,-4.627676973596E0,-1.369565048914E0));
#98=CARTESIAN_POINT('',(2.040741547794E0,-4.675992220505E0,-1.194639542367E0));
#99=CARTESIAN_POINT('',(1.950438005502E0,-4.719213630613E0,-1.010911778311E0));
#100=CARTESIAN_POINT('',(1.875032398209E0,-4.756317737097E0,
-8.192463770146E-1));
#101=CARTESIAN_POINT('',(1.815296896097E0,-4.786351674608E0,
-6.206547068229E-1));
#102=CARTESIAN_POINT('',(1.772038736751E0,-4.808448058690E0,
-4.168032875377E-1));
#103=CARTESIAN_POINT('',(1.745834571940E0,-4.821973009338E0,
-2.090886199687E-1));
#104=CARTESIAN_POINT('',(1.74E0,-4.825E0,-6.986529355583E-2));
#105=CARTESIAN_POINT('',(1.74E0,-4.825E0,0.E0));
#107=DIRECTION('',(1.E0,0.E0,0.E0));
#108=VECTOR('',#107,3.385349486178E-1);
#109=CARTESIAN_POINT('',(2.265158234187E0,-4.575E0,-1.532970971676E0));
#110=LINE('',#109,#108);
#111=CARTESIAN_POINT('',(2.603693182805E0,0.E0,0.E0));
#112=DIRECTION('',(1.E0,0.E0,0.E0));
#113=DIRECTION('',(0.E0,-9.481865284974E-1,-3.177141910208E-1));
#114=AXIS2_PLACEMENT_3D('',#111,#112,#113);
#116=DIRECTION('',(1.E0,0.E0,0.E0));
#117=VECTOR('',#116,3.385349486178E-1);
#118=CARTESIAN_POINT('',(2.265158234187E0,4.575E0,-1.532970971676E0));
#119=LINE('',#118,#117);
#120=CARTESIAN_POINT('',(6.214841765813E0,4.575E0,-1.532970971676E0));
#121=CARTESIAN_POINT('',(6.256307643269E0,4.592899135881E0,-1.479552773831E0));
#122=CARTESIAN_POINT('',(6.334758474199E0,4.627675045253E0,-1.369570707712E0));
#123=CARTESIAN_POINT('',(6.439236004972E0,4.675981762574E0,-1.194678031917E0));
#124=CARTESIAN_POINT('',(6.529529989818E0,4.719198067632E0,-1.010984599575E0));
#125=CARTESIAN_POINT('',(6.604953596652E0,4.756310722238E0,-8.192891744363E-1));
#126=CARTESIAN_POINT('',(6.664691847998E0,4.786345974225E0,-6.206973747796E-1));
#127=CARTESIAN_POINT('',(6.707954731648E0,4.808444691560E0,-4.168460043979E-1));
#128=CARTESIAN_POINT('',(6.734165696072E0,4.821973145435E0,-2.090949210311E-1));
#129=CARTESIAN_POINT('',(6.74E0,4.825E0,-6.986658258038E-2));
#130=CARTESIAN_POINT('',(6.74E0,4.825E0,0.E0));
#132=DIRECTION('',(1.E0,0.E0,0.E0));
#133=VECTOR('',#132,3.385349486178E-1);
#134=CARTESIAN_POINT('',(5.876306817195E0,4.575E0,-1.532970971676E0));
#135=LINE('',#134,#133);
#136=CARTESIAN_POINT('',(5.876306817195E0,0.E0,0.E0));
#137=DIRECTION('',(1.E0,0.E0,0.E0));
#138=DIRECTION('',(0.E0,-9.481865284974E-1,-3.177141910208E-1));
#139=AXIS2_PLACEMENT_3D('',#136,#137,#138);
#141=DIRECTION('',(1.E0,0.E0,0.E0));
#142=VECTOR('',#141,3.385349486178E-1);
#143=CARTESIAN_POINT('',(5.876306817195E0,-4.575E0,-1.532970971676E0));
#144=LINE('',#143,#142);
#145=CARTESIAN_POINT('',(6.74E0,-4.825E0,0.E0));
#146=CARTESIAN_POINT('',(6.74E0,-4.825E0,-6.988017080079E-2));
#147=CARTESIAN_POINT('',(6.734163951498E0,-4.821972232841E0,
-2.091617879902E-1));
#148=CARTESIAN_POINT('',(6.707918361024E0,-4.808425933437E0,
-4.170980120353E-1));
#149=CARTESIAN_POINT('',(6.664580226051E0,-4.786289178367E0,
-6.211551459768E-1));
#150=CARTESIAN_POINT('',(6.604760900082E0,-4.756214736641E0,
-8.198448115191E-1));
#151=CARTESIAN_POINT('',(6.529332393225E0,-4.719102277103E0,-1.011421633520E0));
#152=CARTESIAN_POINT('',(6.439078160638E0,-4.675907884309E0,-1.194958018119E0));
#153=CARTESIAN_POINT('',(6.334686603190E0,-4.627643047890E0,-1.369672064241E0));
#154=CARTESIAN_POINT('',(6.256284152349E0,-4.592888995805E0,-1.479583035884E0));
#155=CARTESIAN_POINT('',(6.214841765813E0,-4.575E0,-1.532970971676E0));
#157=DIRECTION('',(-1.E0,0.E0,0.E0));
#158=VECTOR('',#157,4.96E0);
#159=CARTESIAN_POINT('',(1.17E1,-4.825E0,0.E0));
#160=LINE('',#159,#158);
#161=CARTESIAN_POINT('',(1.17E1,0.E0,0.E0));
#162=DIRECTION('',(-1.E0,0.E0,0.E0));
#163=DIRECTION('',(0.E0,1.E0,0.E0));
#164=AXIS2_PLACEMENT_3D('',#161,#162,#163);
#166=DIRECTION('',(-1.E0,0.E0,0.E0));
#167=VECTOR('',#166,4.96E0);
#168=CARTESIAN_POINT('',(1.17E1,4.825E0,0.E0));
#169=LINE('',#168,#167);
#170=CARTESIAN_POINT('',(4.24E0,4.575E0,0.E0));
#171=DIRECTION('',(0.E0,1.E0,0.E0));
#172=DIRECTION('',(-7.899367063253E-1,0.E0,-6.131883886702E-1));
#173=AXIS2_PLACEMENT_3D('',#170,#171,#172);
#175=CARTESIAN_POINT('',(4.24E0,4.575E0,0.E0));
#176=DIRECTION('',(0.E0,1.E0,0.E0));
#177=DIRECTION('',(7.899367063253E-1,0.E0,6.131883886702E-1));
#178=AXIS2_PLACEMENT_3D('',#175,#176,#177);
#180=CARTESIAN_POINT('',(4.24E0,4.575E0,0.E0));
#181=DIRECTION('',(0.E0,-1.E0,0.E0));
#182=DIRECTION('',(1.E0,0.E0,0.E0));
#183=AXIS2_PLACEMENT_3D('',#180,#181,#182);
#185=CARTESIAN_POINT('',(4.24E0,4.575E0,0.E0));
#186=DIRECTION('',(0.E0,-1.E0,0.E0));
#187=DIRECTION('',(1.923418933485E-1,0.E0,-9.813279757875E-1));
#188=AXIS2_PLACEMENT_3D('',#185,#186,#187);
#190=CARTESIAN_POINT('',(4.24E0,4.575E0,0.E0));
#191=DIRECTION('',(0.E0,-1.E0,0.E0));
#192=DIRECTION('',(-1.923418933485E-1,0.E0,9.813279757875E-1));
#193=AXIS2_PLACEMENT_3D('',#190,#191,#192);
#195=CARTESIAN_POINT('',(4.24E0,4.575E0,0.E0));
#196=DIRECTION('',(0.E0,-1.E0,0.E0));
#197=DIRECTION('',(-1.E0,0.E0,0.E0));
#198=AXIS2_PLACEMENT_3D('',#195,#196,#197);
#200=CARTESIAN_POINT('',(5.23E0,5.5E0,0.E0));
#201=CARTESIAN_POINT('',(5.23E0,5.5E0,6.919217874223E-2));
#202=CARTESIAN_POINT('',(5.215408181358E0,5.497346880619E0,2.074794762678E-1));
#203=CARTESIAN_POINT('',(5.151227719810E0,5.486161404522E0,4.052190309922E-1));
#204=CARTESIAN_POINT('',(5.046952762483E0,5.469581140997E0,5.858358914189E-1));
#205=CARTESIAN_POINT('',(4.908872267861E0,5.450638723400E0,7.396448877684E-1));
#206=CARTESIAN_POINT('',(4.740043981315E0,5.432245831882E0,8.627839779328E-1));
#207=CARTESIAN_POINT('',(4.551097131959E0,5.417888071142E0,9.475393385811E-1));
#208=CARTESIAN_POINT('',(4.345135496993E0,5.409849814985E0,9.917639913755E-1));
#209=CARTESIAN_POINT('',(4.137319240277E0,5.409803524413E0,9.920121300642E-1));
#210=CARTESIAN_POINT('',(3.931367812057E0,5.417744767561E0,9.483457566837E-1));
#211=CARTESIAN_POINT('',(3.741978886202E0,5.432052893011E0,8.639878672114E-1));
#212=CARTESIAN_POINT('',(3.572462030476E0,5.450468854666E0,7.409009780793E-1));
#213=CARTESIAN_POINT('',(3.433798963425E0,5.469466755477E0,5.869241714923E-1));
#214=CARTESIAN_POINT('',(3.329112667309E0,5.486103218664E0,4.060535152415E-1));
#215=CARTESIAN_POINT('',(3.264660980303E0,5.497334186091E0,2.079535687494E-1));
#216=CARTESIAN_POINT('',(3.25E0,5.5E0,6.935405086572E-2));
#217=CARTESIAN_POINT('',(3.25E0,5.5E0,0.E0));
#219=CARTESIAN_POINT('',(4.24E0,4.575E0,0.E0));
#220=DIRECTION('',(0.E0,-1.E0,0.E0));
#221=DIRECTION('',(1.923418933485E-1,0.E0,9.813279757875E-1));
#222=AXIS2_PLACEMENT_3D('',#219,#220,#221);
#224=CARTESIAN_POINT('',(3.25E0,-5.5E0,0.E0));
#225=CARTESIAN_POINT('',(3.25E0,-5.5E0,6.929933595088E-2));
#226=CARTESIAN_POINT('',(3.264637970712E0,-5.497338421072E0,2.077904048590E-1));
#227=CARTESIAN_POINT('',(3.328989442494E0,-5.486124293302E0,4.057500358156E-1));
#228=CARTESIAN_POINT('',(3.433524021267E0,-5.469508595188E0,5.865268994574E-1));
#229=CARTESIAN_POINT('',(3.571983135577E0,-5.450529579104E0,7.404531841410E-1));
#230=CARTESIAN_POINT('',(3.741274185107E0,-5.432120132084E0,8.635680355542E-1));
#231=CARTESIAN_POINT('',(3.930441915366E0,-5.417799961964E0,9.480339815653E-1));
#232=CARTESIAN_POINT('',(4.136215841773E0,-5.409827087947E0,9.918855896724E-1));
#233=CARTESIAN_POINT('',(4.343798586877E0,-5.409827359408E0,9.918840273583E-1));
#234=CARTESIAN_POINT('',(4.549579816005E0,-5.417800942969E0,9.480288011809E-1));
#235=CARTESIAN_POINT('',(4.738771471329E0,-5.432124259984E0,8.635424015238E-1));
#236=CARTESIAN_POINT('',(4.908050832310E0,-5.450533820037E0,7.404231431260E-1));
#237=CARTESIAN_POINT('',(5.046511194115E0,-5.469513863527E0,5.864772969705E-1));
#238=CARTESIAN_POINT('',(5.151019249879E0,-5.486125851921E0,4.057259725098E-1));
#239=CARTESIAN_POINT('',(5.215365829218E0,-5.497339082760E0,2.077706373300E-1));
#240=CARTESIAN_POINT('',(5.23E0,-5.5E0,6.929263765114E-2));
#241=CARTESIAN_POINT('',(5.23E0,-5.5E0,0.E0));
#243=CARTESIAN_POINT('',(4.24E0,-4.575E0,0.E0));
#244=DIRECTION('',(0.E0,1.E0,0.E0));
#245=DIRECTION('',(-1.923418933485E-1,0.E0,9.813279757875E-1));
#246=AXIS2_PLACEMENT_3D('',#243,#244,#245);
#248=CARTESIAN_POINT('',(5.23E0,-5.5E0,0.E0));
#249=CARTESIAN_POINT('',(5.23E0,-5.5E0,-6.935405086572E-2));
#250=CARTESIAN_POINT('',(5.215339019697E0,-5.497334186091E0,
-2.079535687494E-1));
#251=CARTESIAN_POINT('',(5.150887332691E0,-5.486103218664E0,
-4.060535152415E-1));
#252=CARTESIAN_POINT('',(5.046201036575E0,-5.469466755477E0,
-5.869241714923E-1));
#253=CARTESIAN_POINT('',(4.907537969524E0,-5.450468854666E0,
-7.409009780793E-1));
#254=CARTESIAN_POINT('',(4.738021113798E0,-5.432052893011E0,
-8.639878672114E-1));
#255=CARTESIAN_POINT('',(4.548632187943E0,-5.417744767561E0,
-9.483457566837E-1));
#256=CARTESIAN_POINT('',(4.342680759723E0,-5.409803524413E0,
-9.920121300642E-1));
#257=CARTESIAN_POINT('',(4.134864503007E0,-5.409849814985E0,
-9.917639913755E-1));
#258=CARTESIAN_POINT('',(3.928902868041E0,-5.417888071142E0,
-9.475393385811E-1));
#259=CARTESIAN_POINT('',(3.739956018685E0,-5.432245831882E0,
-8.627839779328E-1));
#260=CARTESIAN_POINT('',(3.571127732139E0,-5.450638723400E0,
-7.396448877684E-1));
#261=CARTESIAN_POINT('',(3.433047237517E0,-5.469581140997E0,
-5.858358914189E-1));
#262=CARTESIAN_POINT('',(3.328772280190E0,-5.486161404522E0,
-4.052190309922E-1));
#263=CARTESIAN_POINT('',(3.264591818642E0,-5.497346880619E0,
-2.074794762678E-1));
#264=CARTESIAN_POINT('',(3.25E0,-5.5E0,-6.919217874223E-2));
#265=CARTESIAN_POINT('',(3.25E0,-5.5E0,0.E0));
#267=DIRECTION('',(0.E0,1.E0,0.E0));
#268=VECTOR('',#267,9.25E-1);
#269=CARTESIAN_POINT('',(5.23E0,-5.5E0,0.E0));
#270=LINE('',#269,#268);
#271=CARTESIAN_POINT('',(4.24E0,-4.575E0,0.E0));
#272=DIRECTION('',(0.E0,1.E0,0.E0));
#273=DIRECTION('',(1.923418933485E-1,0.E0,-9.813279757875E-1));
#274=AXIS2_PLACEMENT_3D('',#271,#272,#273);
#276=DIRECTION('',(0.E0,1.E0,0.E0));
#277=VECTOR('',#276,9.25E-1);
#278=CARTESIAN_POINT('',(3.25E0,-5.5E0,0.E0));
#279=LINE('',#278,#277);
#280=CARTESIAN_POINT('',(4.24E0,-4.575E0,0.E0));
#281=DIRECTION('',(0.E0,-1.E0,0.E0));
#282=DIRECTION('',(1.E0,0.E0,0.E0));
#283=AXIS2_PLACEMENT_3D('',#280,#281,#282);
#285=CARTESIAN_POINT('',(4.24E0,-4.575E0,0.E0));
#286=DIRECTION('',(0.E0,-1.E0,0.E0));
#287=DIRECTION('',(1.923418933485E-1,0.E0,-9.813279757875E-1));
#288=AXIS2_PLACEMENT_3D('',#285,#286,#287);
#290=CARTESIAN_POINT('',(4.24E0,-4.575E0,0.E0));
#291=DIRECTION('',(0.E0,-1.E0,0.E0));
#292=DIRECTION('',(-1.923418933484E-1,0.E0,9.813279757875E-1));
#293=AXIS2_PLACEMENT_3D('',#290,#291,#292);
#295=CARTESIAN_POINT('',(4.24E0,-4.575E0,0.E0));
#296=DIRECTION('',(0.E0,-1.E0,0.E0));
#297=DIRECTION('',(-1.E0,0.E0,0.E0));
#298=AXIS2_PLACEMENT_3D('',#295,#296,#297);
#300=CARTESIAN_POINT('',(4.430418474415E0,-4.575E0,9.715146960296E-1));
#301=CARTESIAN_POINT('',(4.366947175535E0,-4.575E0,9.650483262264E-1));
#302=CARTESIAN_POINT('',(4.239990588637E0,-4.575E0,9.584896077874E-1));
#303=CARTESIAN_POINT('',(4.113043555005E0,-4.575E0,9.650492705864E-1));
#304=CARTESIAN_POINT('',(4.049581525585E0,-4.575E0,9.715146960296E-1));
#306=CARTESIAN_POINT('',(2.603693182805E0,-4.575E0,1.532970971676E0));
#307=CARTESIAN_POINT('',(2.728131463592E0,-4.575E0,1.460554250390E0));
#308=CARTESIAN_POINT('',(2.973256088741E0,-4.575E0,1.325746177685E0));
#309=CARTESIAN_POINT('',(3.329174600424E0,-4.575E0,1.159149230291E0));
#310=CARTESIAN_POINT('',(3.686810544105E0,-4.575E0,1.031973933689E0));
#311=CARTESIAN_POINT('',(3.928039634334E0,-4.575E0,9.838972189853E-1));
#312=CARTESIAN_POINT('',(4.049581525585E0,-4.575E0,9.715146960296E-1));
#314=CARTESIAN_POINT('',(4.049581525585E0,4.575E0,9.715146960296E-1));
#315=CARTESIAN_POINT('',(3.927815805243E0,4.575E0,9.839200223893E-1));
#316=CARTESIAN_POINT('',(3.686359890136E0,4.575E0,1.032116554615E0));
#317=CARTESIAN_POINT('',(3.329410456147E0,4.575E0,1.159080812485E0));
#318=CARTESIAN_POINT('',(2.973936700859E0,4.575E0,1.325393999424E0));
#319=CARTESIAN_POINT('',(2.728431332141E0,4.575E0,1.460379742217E0));
#320=CARTESIAN_POINT('',(2.603693182805E0,4.575E0,1.532970971676E0));
#322=CARTESIAN_POINT('',(4.049581525585E0,4.575E0,9.715146960296E-1));
#323=CARTESIAN_POINT('',(4.113043555005E0,4.575E0,9.650492705864E-1));
#324=CARTESIAN_POINT('',(4.239990588637E0,4.575E0,9.584896077874E-1));
#325=CARTESIAN_POINT('',(4.366947175535E0,4.575E0,9.650483262264E-1));
#326=CARTESIAN_POINT('',(4.430418474415E0,4.575E0,9.715146960296E-1));
#328=CARTESIAN_POINT('',(5.876306817195E0,4.575E0,1.532970971676E0));
#329=CARTESIAN_POINT('',(5.751870079990E0,4.575E0,1.460555148676E0));
#330=CARTESIAN_POINT('',(5.506747287492E0,4.575E0,1.325747832994E0));
#331=CARTESIAN_POINT('',(5.150822420582E0,4.575E0,1.159147771617E0));
#332=CARTESIAN_POINT('',(4.793184626035E0,4.575E0,1.031972606717E0));
#333=CARTESIAN_POINT('',(4.551958114023E0,4.575E0,9.838969895910E-1));
#334=CARTESIAN_POINT('',(4.430418474415E0,4.575E0,9.715146960296E-1));
#336=CARTESIAN_POINT('',(4.430418474415E0,-4.575E0,9.715146960296E-1));
#337=CARTESIAN_POINT('',(4.552179657434E0,-4.575E0,9.839195601330E-1));
#338=CARTESIAN_POINT('',(4.793629732439E0,-4.575E0,1.032113813984E0));
#339=CARTESIAN_POINT('',(5.150579387257E0,-4.575E0,1.159076323253E0));
#340=CARTESIAN_POINT('',(5.506062094356E0,-4.575E0,1.325393197850E0));
#341=CARTESIAN_POINT('',(5.751568424473E0,-4.575E0,1.460379600578E0));
#342=CARTESIAN_POINT('',(5.876306817195E0,-4.575E0,1.532970971676E0));
#344=DIRECTION('',(1.E0,0.E0,0.E0));
#345=VECTOR('',#344,3.385349486178E-1);
#346=CARTESIAN_POINT('',(2.265158234187E0,4.575E0,1.532970971676E0));
#347=LINE('',#346,#345);
#348=CARTESIAN_POINT('',(2.603693182805E0,0.E0,0.E0));
#349=DIRECTION('',(1.E0,0.E0,0.E0));
#350=DIRECTION('',(0.E0,9.481865284974E-1,3.177141910208E-1));
#351=AXIS2_PLACEMENT_3D('',#348,#349,#350);
#353=DIRECTION('',(1.E0,0.E0,0.E0));
#354=VECTOR('',#353,3.385349486178E-1);
#355=CARTESIAN_POINT('',(2.265158234187E0,-4.575E0,1.532970971676E0));
#356=LINE('',#355,#354);
#357=CARTESIAN_POINT('',(1.74E0,-4.825E0,0.E0));
#358=CARTESIAN_POINT('',(1.74E0,-4.825E0,6.988238186041E-2));
#359=CARTESIAN_POINT('',(1.745836466765E0,-4.821972016049E0,2.091668442634E-1));
#360=CARTESIAN_POINT('',(1.772082125424E0,-4.808425684244E0,4.171002466813E-1));
#361=CARTESIAN_POINT('',(1.815419679227E0,-4.786289228192E0,6.211545837788E-1));
#362=CARTESIAN_POINT('',(1.875238833717E0,-4.756214866825E0,8.198442062493E-1));
#363=CARTESIAN_POINT('',(1.950668365500E0,-4.719101905648E0,1.011423460327E0));
#364=CARTESIAN_POINT('',(2.040922782643E0,-4.675907440744E0,1.194959720213E0));
#365=CARTESIAN_POINT('',(2.145314220279E0,-4.627642677248E0,1.369673285994E0));
#366=CARTESIAN_POINT('',(2.223716198569E0,-4.592888844328E0,1.479583487952E0));
#367=CARTESIAN_POINT('',(2.265158234187E0,-4.575E0,1.532970971676E0));
#369=CARTESIAN_POINT('',(2.265158234187E0,4.575E0,1.532970971676E0));
#370=CARTESIAN_POINT('',(2.217745531370E0,4.595466138963E0,1.471891807436E0));
#371=CARTESIAN_POINT('',(2.128815361384E0,4.635043611579E0,1.345682292664E0));
#372=CARTESIAN_POINT('',(2.012740340962E0,4.689176945346E0,1.143469817743E0));
#373=CARTESIAN_POINT('',(1.915496625303E0,4.736245857979E0,9.301297178092E-1));
#374=CARTESIAN_POINT('',(1.838086378806E0,4.774800032750E0,7.067804161188E-1));
#375=CARTESIAN_POINT('',(1.781811820277E0,4.803418498422E0,4.757074968257E-1));
#376=CARTESIAN_POINT('',(1.747623884888E0,4.821043141975E0,2.389366863759E-1));
#377=CARTESIAN_POINT('',(1.74E0,4.825E0,7.990392439680E-2));
#378=CARTESIAN_POINT('',(1.74E0,4.825E0,0.E0));
#380=DIRECTION('',(1.E0,0.E0,0.E0));
#381=VECTOR('',#380,3.385349486178E-1);
#382=CARTESIAN_POINT('',(5.876306817195E0,4.575E0,1.532970971676E0));
#383=LINE('',#382,#381);
#384=CARTESIAN_POINT('',(6.74E0,4.825E0,0.E0));
#385=CARTESIAN_POINT('',(6.74E0,4.825E0,6.988256137216E-2));
#386=CARTESIAN_POINT('',(6.734164032941E0,4.821972271965E0,2.091737061200E-1));
#387=CARTESIAN_POINT('',(6.707909077140E0,4.808421145849E0,4.171599741991E-1));
#388=CARTESIAN_POINT('',(6.664559480828E0,4.786278649626E0,6.212374822138E-1));
#389=CARTESIAN_POINT('',(6.604725073295E0,4.756196807927E0,8.199536074819E-1));
#390=CARTESIAN_POINT('',(6.529258415679E0,4.719066275461E0,1.011590871102E0));
#391=CARTESIAN_POINT('',(6.439005326549E0,4.675873725875E0,1.195088152738E0));
#392=CARTESIAN_POINT('',(6.334642072297E0,4.627623107430E0,1.369736593142E0));
#393=CARTESIAN_POINT('',(6.256267022374E0,4.592881601490E0,1.479605103483E0));
#394=CARTESIAN_POINT('',(6.214841765813E0,4.575E0,1.532970971676E0));
#396=CARTESIAN_POINT('',(1.17E1,0.E0,0.E0));
#397=DIRECTION('',(1.E0,0.E0,0.E0));
#398=DIRECTION('',(0.E0,1.E0,0.E0));
#399=AXIS2_PLACEMENT_3D('',#396,#397,#398);
#401=CARTESIAN_POINT('',(6.214841765813E0,-4.575E0,1.532970971676E0));
#402=CARTESIAN_POINT('',(6.256307997611E0,-4.592899288836E0,1.479552317352E0));
#403=CARTESIAN_POINT('',(6.334762924672E0,-4.627676973596E0,1.369565048914E0));
#404=CARTESIAN_POINT('',(6.439258452206E0,-4.675992220505E0,1.194639542367E0));
#405=CARTESIAN_POINT('',(6.529561994498E0,-4.719213630613E0,1.010911778311E0));
#406=CARTESIAN_POINT('',(6.604967601791E0,-4.756317737097E0,8.192463770145E-1));
#407=CARTESIAN_POINT('',(6.664703103903E0,-4.786351674608E0,6.206547068229E-1));
#408=CARTESIAN_POINT('',(6.707961263249E0,-4.808448058690E0,4.168032875377E-1));
#409=CARTESIAN_POINT('',(6.734165428060E0,-4.821973009338E0,2.090886199687E-1));
#410=CARTESIAN_POINT('',(6.74E0,-4.825E0,6.986529355583E-2));
#411=CARTESIAN_POINT('',(6.74E0,-4.825E0,0.E0));
#413=DIRECTION('',(1.E0,0.E0,0.E0));
#414=VECTOR('',#413,3.385349486178E-1);
#415=CARTESIAN_POINT('',(5.876306817195E0,-4.575E0,1.532970971676E0));
#416=LINE('',#415,#414);
#417=CARTESIAN_POINT('',(5.876306817195E0,0.E0,0.E0));
#418=DIRECTION('',(1.E0,0.E0,0.E0));
#419=DIRECTION('',(0.E0,9.481865284974E-1,3.177141910208E-1));
#420=AXIS2_PLACEMENT_3D('',#417,#418,#419);
#422=CARTESIAN_POINT('',(4.24E0,-4.575E0,0.E0));
#423=DIRECTION('',(0.E0,-1.E0,0.E0));
#424=DIRECTION('',(-7.899367063253E-1,0.E0,6.131883886702E-1));
#425=AXIS2_PLACEMENT_3D('',#422,#423,#424);
#427=CARTESIAN_POINT('',(4.24E0,-4.575E0,0.E0));
#428=DIRECTION('',(0.E0,-1.E0,0.E0));
#429=DIRECTION('',(7.899367063253E-1,0.E0,-6.131883886702E-1));
#430=AXIS2_PLACEMENT_3D('',#427,#428,#429);
#432=CARTESIAN_POINT('',(1.17E1,0.E0,0.E0));
#433=DIRECTION('',(-1.E0,0.E0,0.E0));
#434=DIRECTION('',(0.E0,1.E0,0.E0));
#435=AXIS2_PLACEMENT_3D('',#432,#433,#434);
#437=CARTESIAN_POINT('',(1.17E1,0.E0,0.E0));
#438=DIRECTION('',(1.E0,0.E0,0.E0));
#439=DIRECTION('',(0.E0,1.E0,0.E0));
#440=AXIS2_PLACEMENT_3D('',#437,#438,#439);
#442=DIRECTION('',(-1.E0,0.E0,0.E0));
#443=VECTOR('',#442,2.E0);
#444=CARTESIAN_POINT('',(1.37E1,5.5E0,0.E0));
#445=LINE('',#444,#443);
#446=DIRECTION('',(-1.E0,0.E0,0.E0));
#447=VECTOR('',#446,2.E0);
#448=CARTESIAN_POINT('',(1.37E1,-5.5E0,0.E0));
#449=LINE('',#448,#447);
#450=CARTESIAN_POINT('',(1.37E1,0.E0,0.E0));
#451=DIRECTION('',(-1.E0,0.E0,0.E0));
#452=DIRECTION('',(0.E0,1.E0,0.E0));
#453=AXIS2_PLACEMENT_3D('',#450,#451,#452);
#455=CARTESIAN_POINT('',(1.37E1,0.E0,0.E0));
#456=DIRECTION('',(1.E0,0.E0,0.E0));
#457=DIRECTION('',(0.E0,1.E0,0.E0));
#458=AXIS2_PLACEMENT_3D('',#455,#456,#457);
#460=DIRECTION('',(0.E0,7.071067811865E-1,-7.071067811865E-1));
#461=VECTOR('',#460,8.5E-1);
#462=CARTESIAN_POINT('',(1.37E1,2.563262081801E0,3.164302845810E0));
#463=LINE('',#462,#461);
#464=DIRECTION('',(0.E0,7.071067811865E-1,7.071067811865E-1));
#465=VECTOR('',#464,8.5E-1);
#466=CARTESIAN_POINT('',(1.37E1,3.164302845810E0,2.563262081801E0));
#467=LINE('',#466,#465);
#468=DIRECTION('',(0.E0,-7.071067811865E-1,7.071067811865E-1));
#469=VECTOR('',#468,8.5E-1);
#470=CARTESIAN_POINT('',(1.37E1,3.765343609818E0,3.164302845810E0));
#471=LINE('',#470,#469);
#472=DIRECTION('',(0.E0,-7.071067811865E-1,-7.071067811865E-1));
#473=VECTOR('',#472,8.5E-1);
#474=CARTESIAN_POINT('',(1.37E1,3.164302845810E0,3.765343609818E0));
#475=LINE('',#474,#473);
#476=DIRECTION('',(0.E0,-7.071067811865E-1,-7.071067811865E-1));
#477=VECTOR('',#476,8.5E-1);
#478=CARTESIAN_POINT('',(1.37E1,-3.164302845810E0,-2.563262081801E0));
#479=LINE('',#478,#477);
#480=DIRECTION('',(0.E0,7.071067811865E-1,-7.071067811865E-1));
#481=VECTOR('',#480,8.5E-1);
#482=CARTESIAN_POINT('',(1.37E1,-3.765343609818E0,-3.164302845810E0));
#483=LINE('',#482,#481);
#484=DIRECTION('',(0.E0,7.071067811865E-1,7.071067811865E-1));
#485=VECTOR('',#484,8.5E-1);
#486=CARTESIAN_POINT('',(1.37E1,-3.164302845810E0,-3.765343609818E0));
#487=LINE('',#486,#485);
#488=DIRECTION('',(0.E0,-7.071067811865E-1,7.071067811865E-1));
#489=VECTOR('',#488,8.5E-1);
#490=CARTESIAN_POINT('',(1.37E1,-2.563262081801E0,-3.164302845810E0));
#491=LINE('',#490,#489);
#492=DIRECTION('',(0.E0,-7.071067811865E-1,7.071067811865E-1));
#493=VECTOR('',#492,8.5E-1);
#494=CARTESIAN_POINT('',(1.37E1,-2.563262081801E0,3.164302845810E0));
#495=LINE('',#494,#493);
#496=DIRECTION('',(0.E0,-7.071067811865E-1,-7.071067811865E-1));
#497=VECTOR('',#496,8.5E-1);
#498=CARTESIAN_POINT('',(1.37E1,-3.164302845810E0,3.765343609818E0));
#499=LINE('',#498,#497);
#500=DIRECTION('',(0.E0,7.071067811865E-1,-7.071067811865E-1));
#501=VECTOR('',#500,8.5E-1);
#502=CARTESIAN_POINT('',(1.37E1,-3.765343609818E0,3.164302845810E0));
#503=LINE('',#502,#501);
#504=DIRECTION('',(0.E0,7.071067811865E-1,7.071067811865E-1));
#505=VECTOR('',#504,8.5E-1);
#506=CARTESIAN_POINT('',(1.37E1,-3.164302845810E0,2.563262081801E0));
#507=LINE('',#506,#505);
#508=DIRECTION('',(0.E0,-7.071067811865E-1,-7.071067811865E-1));
#509=VECTOR('',#508,8.5E-1);
#510=CARTESIAN_POINT('',(1.37E1,3.164302845810E0,-2.563262081801E0));
#511=LINE('',#510,#509);
#512=DIRECTION('',(0.E0,7.071067811865E-1,-7.071067811865E-1));
#513=VECTOR('',#512,8.5E-1);
#514=CARTESIAN_POINT('',(1.37E1,2.563262081801E0,-3.164302845810E0));
#515=LINE('',#514,#513);
#516=DIRECTION('',(0.E0,7.071067811865E-1,7.071067811865E-1));
#517=VECTOR('',#516,8.5E-1);
#518=CARTESIAN_POINT('',(1.37E1,3.164302845810E0,-3.765343609818E0));
#519=LINE('',#518,#517);
#520=DIRECTION('',(0.E0,-7.071067811865E-1,7.071067811865E-1));
#521=VECTOR('',#520,8.5E-1);
#522=CARTESIAN_POINT('',(1.37E1,3.765343609818E0,-3.164302845810E0));
#523=LINE('',#522,#521);
#524=CARTESIAN_POINT('',(1.370000420355E1,0.E0,0.E0));
#525=DIRECTION('',(-1.E0,0.E0,0.E0));
#526=DIRECTION('',(0.E0,-1.E0,0.E0));
#527=AXIS2_PLACEMENT_3D('',#524,#525,#526);
#529=CARTESIAN_POINT('',(1.370000420355E1,0.E0,0.E0));
#530=DIRECTION('',(-1.E0,0.E0,0.E0));
#531=DIRECTION('',(0.E0,1.E0,0.E0));
#532=AXIS2_PLACEMENT_3D('',#529,#530,#531);
#534=DIRECTION('',(1.E0,0.E0,0.E0));
#535=VECTOR('',#534,3.43E0);
#536=CARTESIAN_POINT('',(1.37E1,2.563262081801E0,3.164302845810E0));
#537=LINE('',#536,#535);
#538=DIRECTION('',(1.E0,0.E0,0.E0));
#539=VECTOR('',#538,3.43E0);
#540=CARTESIAN_POINT('',(1.37E1,3.164302845810E0,3.765343609818E0));
#541=LINE('',#540,#539);
#542=DIRECTION('',(1.E0,0.E0,0.E0));
#543=VECTOR('',#542,3.43E0);
#544=CARTESIAN_POINT('',(1.37E1,3.765343609818E0,3.164302845810E0));
#545=LINE('',#544,#543);
#546=DIRECTION('',(1.E0,0.E0,0.E0));
#547=VECTOR('',#546,3.43E0);
#548=CARTESIAN_POINT('',(1.37E1,3.164302845810E0,2.563262081801E0));
#549=LINE('',#548,#547);
#550=DIRECTION('',(0.E0,7.071067811865E-1,-7.071067811865E-1));
#551=VECTOR('',#550,8.5E-1);
#552=CARTESIAN_POINT('',(1.713E1,2.563262081801E0,3.164302845810E0));
#553=LINE('',#552,#551);
#554=DIRECTION('',(0.E0,-7.071067811865E-1,-7.071067811865E-1));
#555=VECTOR('',#554,8.5E-1);
#556=CARTESIAN_POINT('',(1.713E1,3.164302845810E0,3.765343609818E0));
#557=LINE('',#556,#555);
#558=DIRECTION('',(0.E0,-7.071067811865E-1,7.071067811865E-1));
#559=VECTOR('',#558,8.5E-1);
#560=CARTESIAN_POINT('',(1.713E1,3.765343609818E0,3.164302845810E0));
#561=LINE('',#560,#559);
#562=DIRECTION('',(0.E0,7.071067811865E-1,7.071067811865E-1));
#563=VECTOR('',#562,8.5E-1);
#564=CARTESIAN_POINT('',(1.713E1,3.164302845810E0,2.563262081801E0));
#565=LINE('',#564,#563);
#566=DIRECTION('',(0.E0,-7.071067811865E-1,-7.071067811865E-1));
#567=VECTOR('',#566,8.5E-1);
#568=CARTESIAN_POINT('',(1.713E1,-3.164302845810E0,-2.563262081801E0));
#569=LINE('',#568,#567);
#570=DIRECTION('',(0.E0,-7.071067811865E-1,7.071067811865E-1));
#571=VECTOR('',#570,8.5E-1);
#572=CARTESIAN_POINT('',(1.713E1,-2.563262081801E0,-3.164302845810E0));
#573=LINE('',#572,#571);
#574=DIRECTION('',(0.E0,7.071067811865E-1,7.071067811865E-1));
#575=VECTOR('',#574,8.5E-1);
#576=CARTESIAN_POINT('',(1.713E1,-3.164302845810E0,-3.765343609818E0));
#577=LINE('',#576,#575);
#578=DIRECTION('',(0.E0,7.071067811865E-1,-7.071067811865E-1));
#579=VECTOR('',#578,8.5E-1);
#580=CARTESIAN_POINT('',(1.713E1,-3.765343609818E0,-3.164302845810E0));
#581=LINE('',#580,#579);
#582=DIRECTION('',(0.E0,-7.071067811865E-1,7.071067811865E-1));
#583=VECTOR('',#582,8.5E-1);
#584=CARTESIAN_POINT('',(1.713E1,-2.563262081801E0,3.164302845810E0));
#585=LINE('',#584,#583);
#586=DIRECTION('',(0.E0,7.071067811865E-1,7.071067811865E-1));
#587=VECTOR('',#586,8.5E-1);
#588=CARTESIAN_POINT('',(1.713E1,-3.164302845810E0,2.563262081801E0));
#589=LINE('',#588,#587);
#590=DIRECTION('',(0.E0,7.071067811865E-1,-7.071067811865E-1));
#591=VECTOR('',#590,8.5E-1);
#592=CARTESIAN_POINT('',(1.713E1,-3.765343609818E0,3.164302845810E0));
#593=LINE('',#592,#591);
#594=DIRECTION('',(0.E0,-7.071067811865E-1,-7.071067811865E-1));
#595=VECTOR('',#594,8.5E-1);
#596=CARTESIAN_POINT('',(1.713E1,-3.164302845810E0,3.765343609818E0));
#597=LINE('',#596,#595);
#598=DIRECTION('',(0.E0,-7.071067811865E-1,-7.071067811865E-1));
#599=VECTOR('',#598,8.5E-1);
#600=CARTESIAN_POINT('',(1.713E1,3.164302845810E0,-2.563262081801E0));
#601=LINE('',#600,#599);
#602=DIRECTION('',(0.E0,-7.071067811865E-1,7.071067811865E-1));
#603=VECTOR('',#602,8.5E-1);
#604=CARTESIAN_POINT('',(1.713E1,3.765343609818E0,-3.164302845810E0));
#605=LINE('',#604,#603);
#606=DIRECTION('',(0.E0,7.071067811865E-1,7.071067811865E-1));
#607=VECTOR('',#606,8.5E-1);
#608=CARTESIAN_POINT('',(1.713E1,3.164302845810E0,-3.765343609818E0));
#609=LINE('',#608,#607);
#610=DIRECTION('',(0.E0,7.071067811865E-1,-7.071067811865E-1));
#611=VECTOR('',#610,8.5E-1);
#612=CARTESIAN_POINT('',(1.713E1,2.563262081801E0,-3.164302845810E0));
#613=LINE('',#612,#611);
#614=DIRECTION('',(1.E0,0.E0,0.E0));
#615=VECTOR('',#614,3.43E0);
#616=CARTESIAN_POINT('',(1.37E1,-3.164302845810E0,-2.563262081801E0));
#617=LINE('',#616,#615);
#618=DIRECTION('',(1.E0,0.E0,0.E0));
#619=VECTOR('',#618,3.43E0);
#620=CARTESIAN_POINT('',(1.37E1,-2.563262081801E0,-3.164302845810E0));
#621=LINE('',#620,#619);
#622=DIRECTION('',(1.E0,0.E0,0.E0));
#623=VECTOR('',#622,3.43E0);
#624=CARTESIAN_POINT('',(1.37E1,-3.164302845810E0,-3.765343609818E0));
#625=LINE('',#624,#623);
#626=DIRECTION('',(1.E0,0.E0,0.E0));
#627=VECTOR('',#626,3.43E0);
#628=CARTESIAN_POINT('',(1.37E1,-3.765343609818E0,-3.164302845810E0));
#629=LINE('',#628,#627);
#630=DIRECTION('',(1.E0,0.E0,0.E0));
#631=VECTOR('',#630,3.43E0);
#632=CARTESIAN_POINT('',(1.37E1,-2.563262081801E0,3.164302845810E0));
#633=LINE('',#632,#631);
#634=DIRECTION('',(1.E0,0.E0,0.E0));
#635=VECTOR('',#634,3.43E0);
#636=CARTESIAN_POINT('',(1.37E1,-3.164302845810E0,2.563262081801E0));
#637=LINE('',#636,#635);
#638=DIRECTION('',(1.E0,0.E0,0.E0));
#639=VECTOR('',#638,3.43E0);
#640=CARTESIAN_POINT('',(1.37E1,-3.765343609818E0,3.164302845810E0));
#641=LINE('',#640,#639);
#642=DIRECTION('',(1.E0,0.E0,0.E0));
#643=VECTOR('',#642,3.43E0);
#644=CARTESIAN_POINT('',(1.37E1,-3.164302845810E0,3.765343609818E0));
#645=LINE('',#644,#643);
#646=DIRECTION('',(1.E0,0.E0,0.E0));
#647=VECTOR('',#646,3.43E0);
#648=CARTESIAN_POINT('',(1.37E1,3.164302845810E0,-2.563262081801E0));
#649=LINE('',#648,#647);
#650=DIRECTION('',(1.E0,0.E0,0.E0));
#651=VECTOR('',#650,3.43E0);
#652=CARTESIAN_POINT('',(1.37E1,3.765343609818E0,-3.164302845810E0));
#653=LINE('',#652,#651);
#654=DIRECTION('',(1.E0,0.E0,0.E0));
#655=VECTOR('',#654,3.43E0);
#656=CARTESIAN_POINT('',(1.37E1,3.164302845810E0,-3.765343609818E0));
#657=LINE('',#656,#655);
#658=DIRECTION('',(1.E0,0.E0,0.E0));
#659=VECTOR('',#658,3.43E0);
#660=CARTESIAN_POINT('',(1.37E1,2.563262081801E0,-3.164302845810E0));
#661=LINE('',#660,#659);
#662=DIRECTION('',(-7.071096257061E-1,7.071039366555E-1,1.240771334219E-9));
#663=VECTOR('',#662,4.242640684557E-1);
#664=CARTESIAN_POINT('',(1.370000365255E1,-2.799996346338E0,
-1.593472443929E-9));
#665=LINE('',#664,#663);
#666=DIRECTION('',(-7.071096257061E-1,-7.071039366555E-1,-1.240771435553E-9));
#667=VECTOR('',#666,4.242640684557E-1);
#668=CARTESIAN_POINT('',(1.370000365255E1,2.799996346338E0,1.593472455460E-9));
#669=LINE('',#668,#667);
#670=CARTESIAN_POINT('',(1.340000230879E1,0.E0,0.E0));
#671=DIRECTION('',(-1.E0,0.E0,0.E0));
#672=DIRECTION('',(0.E0,1.E0,0.E0));
#673=AXIS2_PLACEMENT_3D('',#670,#671,#672);
#675=DIRECTION('',(9.999999999953E-1,3.058301842775E-6,-1.333817535023E-9));
#676=VECTOR('',#675,8.000024459083E-1);
#677=CARTESIAN_POINT('',(1.26E1,-2.5E0,0.E0));
#678=LINE('',#677,#676);
#679=CARTESIAN_POINT('',(1.259999811743E1,0.E0,0.E0));
#680=DIRECTION('',(1.E0,0.E0,0.E0));
#681=DIRECTION('',(0.E0,-1.E0,0.E0));
#682=AXIS2_PLACEMENT_3D('',#679,#680,#681);
#684=DIRECTION('',(9.999999999953E-1,-3.058301843885E-6,1.333817687039E-9));
#685=VECTOR('',#684,8.000024459083E-1);
#686=CARTESIAN_POINT('',(1.26E1,2.5E0,0.E0));
#687=LINE('',#686,#685);
#688=CARTESIAN_POINT('',(1.340000230879E1,0.E0,0.E0));
#689=DIRECTION('',(-1.E0,0.E0,0.E0));
#690=DIRECTION('',(0.E0,-1.E0,0.E0));
#691=AXIS2_PLACEMENT_3D('',#688,#689,#690);
#693=CARTESIAN_POINT('',(1.259999811743E1,0.E0,0.E0));
#694=DIRECTION('',(1.E0,0.E0,0.E0));
#695=DIRECTION('',(0.E0,1.E0,0.E0));
#696=AXIS2_PLACEMENT_3D('',#693,#694,#695);
#698=CARTESIAN_POINT('',(4.049581525585E0,-4.575E0,-9.715146960296E-1));
#699=CARTESIAN_POINT('',(4.113044640123E0,-4.575E0,-9.650491600361E-1));
#700=CARTESIAN_POINT('',(4.239992792096E0,-4.575E0,-9.584896077763E-1));
#701=CARTESIAN_POINT('',(4.366948260653E0,-4.575E0,-9.650484367768E-1));
#702=CARTESIAN_POINT('',(4.430418474415E0,-4.575E0,-9.715146960296E-1));
#704=CARTESIAN_POINT('',(5.876306817195E0,-4.575E0,-1.532970971676E0));
#705=CARTESIAN_POINT('',(5.751870079990E0,-4.575E0,-1.460555148676E0));
#706=CARTESIAN_POINT('',(5.506747287492E0,-4.575E0,-1.325747832994E0));
#707=CARTESIAN_POINT('',(5.150822420582E0,-4.575E0,-1.159147771617E0));
#708=CARTESIAN_POINT('',(4.793184626035E0,-4.575E0,-1.031972606717E0));
#709=CARTESIAN_POINT('',(4.551958114023E0,-4.575E0,-9.838969895910E-1));
#710=CARTESIAN_POINT('',(4.430418474415E0,-4.575E0,-9.715146960296E-1));
#712=CARTESIAN_POINT('',(4.430418474415E0,4.575E0,-9.715146960296E-1));
#713=CARTESIAN_POINT('',(4.552179657434E0,4.575E0,-9.839195601330E-1));
#714=CARTESIAN_POINT('',(4.793629732439E0,4.575E0,-1.032113813984E0));
#715=CARTESIAN_POINT('',(5.150579387257E0,4.575E0,-1.159076323253E0));
#716=CARTESIAN_POINT('',(5.506062094356E0,4.575E0,-1.325393197850E0));
#717=CARTESIAN_POINT('',(5.751568424473E0,4.575E0,-1.460379600578E0));
#718=CARTESIAN_POINT('',(5.876306817195E0,4.575E0,-1.532970971676E0));
#720=CARTESIAN_POINT('',(4.430418474415E0,4.575E0,-9.715146960296E-1));
#721=CARTESIAN_POINT('',(4.366948260653E0,4.575E0,-9.650484367768E-1));
#722=CARTESIAN_POINT('',(4.239992792096E0,4.575E0,-9.584896077763E-1));
#723=CARTESIAN_POINT('',(4.113044640123E0,4.575E0,-9.650491600361E-1));
#724=CARTESIAN_POINT('',(4.049581525585E0,4.575E0,-9.715146960296E-1));
#726=CARTESIAN_POINT('',(2.603693182805E0,4.575E0,-1.532970971676E0));
#727=CARTESIAN_POINT('',(2.728131463592E0,4.575E0,-1.460554250390E0));
#728=CARTESIAN_POINT('',(2.973256088741E0,4.575E0,-1.325746177685E0));
#729=CARTESIAN_POINT('',(3.329174600424E0,4.575E0,-1.159149230291E0));
#730=CARTESIAN_POINT('',(3.686810544105E0,4.575E0,-1.031973933689E0));
#731=CARTESIAN_POINT('',(3.928039634334E0,4.575E0,-9.838972189853E-1));
#732=CARTESIAN_POINT('',(4.049581525585E0,4.575E0,-9.715146960296E-1));
#734=CARTESIAN_POINT('',(4.049581525585E0,-4.575E0,-9.715146960296E-1));
#735=CARTESIAN_POINT('',(3.927815805243E0,-4.575E0,-9.839200223893E-1));
#736=CARTESIAN_POINT('',(3.686359890136E0,-4.575E0,-1.032116554615E0));
#737=CARTESIAN_POINT('',(3.329410456147E0,-4.575E0,-1.159080812485E0));
#738=CARTESIAN_POINT('',(2.973936700859E0,-4.575E0,-1.325393999424E0));
#739=CARTESIAN_POINT('',(2.728431332141E0,-4.575E0,-1.460379742217E0));
#740=CARTESIAN_POINT('',(2.603693182805E0,-4.575E0,-1.532970971676E0));
#742=CARTESIAN_POINT('',(3.25E0,5.5E0,0.E0));
#743=CARTESIAN_POINT('',(3.25E0,5.5E0,-6.929263765114E-2));
#744=CARTESIAN_POINT('',(3.264634170782E0,5.497339082760E0,-2.077706373300E-1));
#745=CARTESIAN_POINT('',(3.328980750121E0,5.486125851921E0,-4.057259725098E-1));
#746=CARTESIAN_POINT('',(3.433488805885E0,5.469513863527E0,-5.864772969705E-1));
#747=CARTESIAN_POINT('',(3.571949167690E0,5.450533820037E0,-7.404231431260E-1));
#748=CARTESIAN_POINT('',(3.741228528671E0,5.432124259984E0,-8.635424015239E-1));
#749=CARTESIAN_POINT('',(3.930420183995E0,5.417800942969E0,-9.480288011809E-1));
#750=CARTESIAN_POINT('',(4.136201413123E0,5.409827359408E0,-9.918840273583E-1));
#751=CARTESIAN_POINT('',(4.343784158227E0,5.409827087947E0,-9.918855896724E-1));
#752=CARTESIAN_POINT('',(4.549558084634E0,5.417799961964E0,-9.480339815653E-1));
#753=CARTESIAN_POINT('',(4.738725814893E0,5.432120132084E0,-8.635680355542E-1));
#754=CARTESIAN_POINT('',(4.908016864423E0,5.450529579104E0,-7.404531841410E-1));
#755=CARTESIAN_POINT('',(5.046475978733E0,5.469508595188E0,-5.865268994574E-1));
#756=CARTESIAN_POINT('',(5.151010557506E0,5.486124293302E0,-4.057500358156E-1));
#757=CARTESIAN_POINT('',(5.215362029288E0,5.497338421072E0,-2.077904048590E-1));
#758=CARTESIAN_POINT('',(5.23E0,5.5E0,-6.929933595089E-2));
#759=CARTESIAN_POINT('',(5.23E0,5.5E0,0.E0));
#761=DIRECTION('',(0.E0,1.E0,0.E0));
#762=VECTOR('',#761,9.25E-1);
#763=CARTESIAN_POINT('',(3.25E0,4.575E0,0.E0));
#764=LINE('',#763,#762);
#765=CARTESIAN_POINT('',(4.24E0,4.575E0,0.E0));
#766=DIRECTION('',(0.E0,-1.E0,0.E0));
#767=DIRECTION('',(-1.923418933485E-1,0.E0,-9.813279757875E-1));
#768=AXIS2_PLACEMENT_3D('',#765,#766,#767);
#770=DIRECTION('',(0.E0,1.E0,0.E0));
#771=VECTOR('',#770,9.25E-1);
#772=CARTESIAN_POINT('',(5.23E0,4.575E0,0.E0));
#773=LINE('',#772,#771);
#774=CARTESIAN_POINT('',(0.E0,4.45E0,0.E0));
#775=CARTESIAN_POINT('',(5.E-1,4.2E0,0.E0));
#776=VERTEX_POINT('',#774);
#777=VERTEX_POINT('',#775);
#778=CARTESIAN_POINT('',(8.41E0,4.075E0,0.E0));
#779=VERTEX_POINT('',#778);
#780=CARTESIAN_POINT('',(1.37E1,5.5E0,0.E0));
#781=CARTESIAN_POINT('',(1.17E1,5.5E0,0.E0));
#782=VERTEX_POINT('',#780);
#783=VERTEX_POINT('',#781);
#784=CARTESIAN_POINT('',(0.E0,-4.45E0,0.E0));
#785=CARTESIAN_POINT('',(5.E-1,-4.2E0,0.E0));
#786=VERTEX_POINT('',#784);
#787=VERTEX_POINT('',#785);
#788=CARTESIAN_POINT('',(8.41E0,-4.075E0,0.E0));
#789=VERTEX_POINT('',#788);
#790=CARTESIAN_POINT('',(1.37E1,-5.5E0,0.E0));
#791=CARTESIAN_POINT('',(1.17E1,-5.5E0,0.E0));
#792=VERTEX_POINT('',#790);
#793=VERTEX_POINT('',#791);
#794=CARTESIAN_POINT('',(0.E0,4.825E0,0.E0));
#795=CARTESIAN_POINT('',(0.E0,-4.825E0,0.E0));
#796=VERTEX_POINT('',#794);
#797=VERTEX_POINT('',#795);
#798=CARTESIAN_POINT('',(1.17E1,4.825E0,0.E0));
#799=CARTESIAN_POINT('',(1.17E1,-4.825E0,0.E0));
#800=VERTEX_POINT('',#798);
#801=VERTEX_POINT('',#799);
#802=CARTESIAN_POINT('',(1.713E1,2.563262081801E0,3.164302845810E0));
#803=CARTESIAN_POINT('',(1.713E1,3.164302845810E0,2.563262081801E0));
#804=VERTEX_POINT('',#802);
#805=VERTEX_POINT('',#803);
#806=CARTESIAN_POINT('',(1.713E1,3.765343609818E0,3.164302845810E0));
#807=VERTEX_POINT('',#806);
#808=CARTESIAN_POINT('',(1.713E1,3.164302845810E0,3.765343609818E0));
#809=VERTEX_POINT('',#808);
#810=CARTESIAN_POINT('',(1.713E1,-3.164302845810E0,-2.563262081801E0));
#811=CARTESIAN_POINT('',(1.713E1,-3.765343609818E0,-3.164302845810E0));
#812=VERTEX_POINT('',#810);
#813=VERTEX_POINT('',#811);
#814=CARTESIAN_POINT('',(1.713E1,-3.164302845810E0,-3.765343609818E0));
#815=VERTEX_POINT('',#814);
#816=CARTESIAN_POINT('',(1.713E1,-2.563262081801E0,-3.164302845810E0));
#817=VERTEX_POINT('',#816);
#818=CARTESIAN_POINT('',(1.713E1,-2.563262081801E0,3.164302845810E0));
#819=CARTESIAN_POINT('',(1.713E1,-3.164302845810E0,3.765343609818E0));
#820=VERTEX_POINT('',#818);
#821=VERTEX_POINT('',#819);
#822=CARTESIAN_POINT('',(1.713E1,-3.765343609818E0,3.164302845810E0));
#823=VERTEX_POINT('',#822);
#824=CARTESIAN_POINT('',(1.713E1,-3.164302845810E0,2.563262081801E0));
#825=VERTEX_POINT('',#824);
#826=CARTESIAN_POINT('',(1.713E1,3.164302845810E0,-2.563262081801E0));
#827=CARTESIAN_POINT('',(1.713E1,2.563262081801E0,-3.164302845810E0));
#828=VERTEX_POINT('',#826);
#829=VERTEX_POINT('',#827);
#830=CARTESIAN_POINT('',(1.713E1,3.164302845810E0,-3.765343609818E0));
#831=VERTEX_POINT('',#830);
#832=CARTESIAN_POINT('',(1.713E1,3.765343609818E0,-3.164302845810E0));
#833=VERTEX_POINT('',#832);
#834=CARTESIAN_POINT('',(1.37E1,2.563262081801E0,3.164302845810E0));
#835=CARTESIAN_POINT('',(1.37E1,3.164302845810E0,2.563262081801E0));
#836=VERTEX_POINT('',#834);
#837=VERTEX_POINT('',#835);
#838=CARTESIAN_POINT('',(1.37E1,3.765343609818E0,3.164302845810E0));
#839=VERTEX_POINT('',#838);
#840=CARTESIAN_POINT('',(1.37E1,3.164302845810E0,3.765343609818E0));
#841=VERTEX_POINT('',#840);
#842=CARTESIAN_POINT('',(1.37E1,-3.164302845810E0,-2.563262081801E0));
#843=CARTESIAN_POINT('',(1.37E1,-3.765343609818E0,-3.164302845810E0));
#844=VERTEX_POINT('',#842);
#845=VERTEX_POINT('',#843);
#846=CARTESIAN_POINT('',(1.37E1,-3.164302845810E0,-3.765343609818E0));
#847=VERTEX_POINT('',#846);
#848=CARTESIAN_POINT('',(1.37E1,-2.563262081801E0,-3.164302845810E0));
#849=VERTEX_POINT('',#848);
#850=CARTESIAN_POINT('',(1.37E1,-2.563262081801E0,3.164302845810E0));
#851=CARTESIAN_POINT('',(1.37E1,-3.164302845810E0,3.765343609818E0));
#852=VERTEX_POINT('',#850);
#853=VERTEX_POINT('',#851);
#854=CARTESIAN_POINT('',(1.37E1,-3.765343609818E0,3.164302845810E0));
#855=VERTEX_POINT('',#854);
#856=CARTESIAN_POINT('',(1.37E1,-3.164302845810E0,2.563262081801E0));
#857=VERTEX_POINT('',#856);
#858=CARTESIAN_POINT('',(1.37E1,3.164302845810E0,-2.563262081801E0));
#859=CARTESIAN_POINT('',(1.37E1,2.563262081801E0,-3.164302845810E0));
#860=VERTEX_POINT('',#858);
#861=VERTEX_POINT('',#859);
#862=CARTESIAN_POINT('',(1.37E1,3.164302845810E0,-3.765343609818E0));
#863=VERTEX_POINT('',#862);
#864=CARTESIAN_POINT('',(1.37E1,3.765343609818E0,-3.164302845810E0));
#865=VERTEX_POINT('',#864);
#866=CARTESIAN_POINT('',(2.265158234187E0,4.575E0,1.532970971676E0));
#867=CARTESIAN_POINT('',(2.603693182805E0,4.575E0,1.532970971676E0));
#868=VERTEX_POINT('',#866);
#869=VERTEX_POINT('',#867);
#870=CARTESIAN_POINT('',(5.876306817195E0,4.575E0,1.532970971676E0));
#871=CARTESIAN_POINT('',(6.214841765813E0,4.575E0,1.532970971676E0));
#872=VERTEX_POINT('',#870);
#873=VERTEX_POINT('',#871);
#874=CARTESIAN_POINT('',(2.265158234187E0,-4.575E0,1.532970971676E0));
#875=CARTESIAN_POINT('',(2.603693182805E0,-4.575E0,1.532970971676E0));
#876=VERTEX_POINT('',#874);
#877=VERTEX_POINT('',#875);
#878=CARTESIAN_POINT('',(5.876306817195E0,-4.575E0,1.532970971676E0));
#879=CARTESIAN_POINT('',(6.214841765813E0,-4.575E0,1.532970971676E0));
#880=VERTEX_POINT('',#878);
#881=VERTEX_POINT('',#879);
#882=VERTEX_POINT('',#384);
#883=VERTEX_POINT('',#378);
#884=VERTEX_POINT('',#411);
#885=VERTEX_POINT('',#357);
#886=VERTEX_POINT('',#85);
#887=VERTEX_POINT('',#120);
#888=CARTESIAN_POINT('',(2.603693182805E0,4.575E0,-1.532970971676E0));
#889=VERTEX_POINT('',#888);
#890=CARTESIAN_POINT('',(5.876306817195E0,4.575E0,-1.532970971676E0));
#891=VERTEX_POINT('',#890);
#892=CARTESIAN_POINT('',(2.265158234187E0,-4.575E0,-1.532970971676E0));
#893=CARTESIAN_POINT('',(2.603693182805E0,-4.575E0,-1.532970971676E0));
#894=VERTEX_POINT('',#892);
#895=VERTEX_POINT('',#893);
#896=CARTESIAN_POINT('',(5.876306817195E0,-4.575E0,-1.532970971676E0));
#897=CARTESIAN_POINT('',(6.214841765813E0,-4.575E0,-1.532970971676E0));
#898=VERTEX_POINT('',#896);
#899=VERTEX_POINT('',#897);
#900=VERTEX_POINT('',#698);
#901=VERTEX_POINT('',#702);
#902=VERTEX_POINT('',#720);
#903=VERTEX_POINT('',#724);
#904=VERTEX_POINT('',#300);
#905=VERTEX_POINT('',#304);
#906=VERTEX_POINT('',#322);
#907=VERTEX_POINT('',#326);
#908=CARTESIAN_POINT('',(5.23E0,4.575E0,0.E0));
#909=VERTEX_POINT('',#908);
#910=CARTESIAN_POINT('',(3.25E0,4.575E0,0.E0));
#911=VERTEX_POINT('',#910);
#912=CARTESIAN_POINT('',(5.23E0,-4.575E0,0.E0));
#913=VERTEX_POINT('',#912);
#914=CARTESIAN_POINT('',(3.25E0,-4.575E0,0.E0));
#915=VERTEX_POINT('',#914);
#916=VERTEX_POINT('',#224);
#917=VERTEX_POINT('',#241);
#918=VERTEX_POINT('',#200);
#919=VERTEX_POINT('',#217);
#920=CARTESIAN_POINT('',(8.56E0,3.925E0,0.E0));
#921=VERTEX_POINT('',#920);
#922=CARTESIAN_POINT('',(8.56E0,-3.925E0,0.E0));
#923=VERTEX_POINT('',#922);
#924=CARTESIAN_POINT('',(1.259999811743E1,-2.5E0,0.E0));
#925=CARTESIAN_POINT('',(1.259999811743E1,2.5E0,0.E0));
#926=VERTEX_POINT('',#924);
#927=VERTEX_POINT('',#925);
#928=CARTESIAN_POINT('',(1.370000420355E1,-2.799993244230E0,0.E0));
#929=CARTESIAN_POINT('',(1.370000420355E1,2.799993244230E0,0.E0));
#930=VERTEX_POINT('',#928);
#931=VERTEX_POINT('',#929);
#932=CARTESIAN_POINT('',(1.340000230879E1,-2.5E0,0.E0));
#933=CARTESIAN_POINT('',(1.340000230879E1,2.5E0,0.E0));
#934=VERTEX_POINT('',#932);
#935=VERTEX_POINT('',#933);
#936=CARTESIAN_POINT('',(0.E0,0.E0,0.E0));
#937=DIRECTION('',(1.E0,0.E0,0.E0));
#938=DIRECTION('',(0.E0,-1.E0,0.E0));
#939=AXIS2_PLACEMENT_3D('',#936,#937,#938);
#940=PLANE('',#939);
#942=ORIENTED_EDGE('',*,*,#941,.F.);
#944=ORIENTED_EDGE('',*,*,#943,.T.);
#945=EDGE_LOOP('',(#942,#944));
#946=FACE_OUTER_BOUND('',#945,.F.);
#948=ORIENTED_EDGE('',*,*,#947,.F.);
#950=ORIENTED_EDGE('',*,*,#949,.T.);
#951=EDGE_LOOP('',(#948,#950));
#952=FACE_BOUND('',#951,.F.);
#954=CARTESIAN_POINT('',(2.5E-1,0.E0,0.E0));
#955=DIRECTION('',(-1.E0,0.E0,0.E0));
#956=DIRECTION('',(0.E0,1.E0,0.E0));
#957=AXIS2_PLACEMENT_3D('',#954,#955,#956);
#958=CONICAL_SURFACE('',#957,4.325E0,2.656505117708E1);
#960=ORIENTED_EDGE('',*,*,#959,.F.);
#961=ORIENTED_EDGE('',*,*,#947,.T.);
#963=ORIENTED_EDGE('',*,*,#962,.T.);
#965=ORIENTED_EDGE('',*,*,#964,.F.);
#966=EDGE_LOOP('',(#960,#961,#963,#965));
#967=FACE_OUTER_BOUND('',#966,.F.);
#969=CARTESIAN_POINT('',(2.5E-1,0.E0,0.E0));
#970=DIRECTION('',(-1.E0,0.E0,0.E0));
#971=DIRECTION('',(0.E0,1.E0,0.E0));
#972=AXIS2_PLACEMENT_3D('',#969,#970,#971);
#973=CONICAL_SURFACE('',#972,4.325E0,2.656505117708E1);
#974=ORIENTED_EDGE('',*,*,#959,.T.);
#976=ORIENTED_EDGE('',*,*,#975,.T.);
#977=ORIENTED_EDGE('',*,*,#962,.F.);
#978=ORIENTED_EDGE('',*,*,#949,.F.);
#979=EDGE_LOOP('',(#974,#976,#977,#978));
#980=FACE_OUTER_BOUND('',#979,.F.);
#982=CARTESIAN_POINT('',(4.455E0,0.E0,0.E0));
#983=DIRECTION('',(-1.E0,0.E0,0.E0));
#984=DIRECTION('',(0.E0,1.E0,0.E0));
#985=AXIS2_PLACEMENT_3D('',#982,#983,#984);
#986=CONICAL_SURFACE('',#985,4.1375E0,9.053573131494E-1);
#988=ORIENTED_EDGE('',*,*,#987,.T.);
#990=ORIENTED_EDGE('',*,*,#989,.T.);
#992=ORIENTED_EDGE('',*,*,#991,.F.);
#993=ORIENTED_EDGE('',*,*,#975,.F.);
#994=EDGE_LOOP('',(#988,#990,#992,#993));
#995=FACE_OUTER_BOUND('',#994,.F.);
#997=CARTESIAN_POINT('',(4.455E0,0.E0,0.E0));
#998=DIRECTION('',(-1.E0,0.E0,0.E0));
#999=DIRECTION('',(0.E0,1.E0,0.E0));
#1000=AXIS2_PLACEMENT_3D('',#997,#998,#999);
#1001=CONICAL_SURFACE('',#1000,4.1375E0,9.053573131494E-1);
#1002=ORIENTED_EDGE('',*,*,#987,.F.);
#1003=ORIENTED_EDGE('',*,*,#964,.T.);
#1004=ORIENTED_EDGE('',*,*,#991,.T.);
#1006=ORIENTED_EDGE('',*,*,#1005,.F.);
#1007=EDGE_LOOP('',(#1002,#1003,#1004,#1006));
#1008=FACE_OUTER_BOUND('',#1007,.F.);
#1010=CARTESIAN_POINT('',(8.485E0,0.E0,0.E0));
#1011=DIRECTION('',(-1.E0,0.E0,0.E0));
#1012=DIRECTION('',(0.E0,1.E0,0.E0));
#1013=AXIS2_PLACEMENT_3D('',#1010,#1011,#1012);
#1014=CONICAL_SURFACE('',#1013,4.E0,4.5E1);
#1016=ORIENTED_EDGE('',*,*,#1015,.F.);
#1017=ORIENTED_EDGE('',*,*,#1005,.T.);
#1019=ORIENTED_EDGE('',*,*,#1018,.T.);
#1021=ORIENTED_EDGE('',*,*,#1020,.T.);
#1022=EDGE_LOOP('',(#1016,#1017,#1019,#1021));
#1023=FACE_OUTER_BOUND('',#1022,.F.);
#1025=CARTESIAN_POINT('',(8.485E0,0.E0,0.E0));
#1026=DIRECTION('',(-1.E0,0.E0,0.E0));
#1027=DIRECTION('',(0.E0,1.E0,0.E0));
#1028=AXIS2_PLACEMENT_3D('',#1025,#1026,#1027);
#1029=CONICAL_SURFACE('',#1028,4.E0,4.5E1);
#1030=ORIENTED_EDGE('',*,*,#1015,.T.);
#1032=ORIENTED_EDGE('',*,*,#1031,.T.);
#1033=ORIENTED_EDGE('',*,*,#1018,.F.);
#1034=ORIENTED_EDGE('',*,*,#989,.F.);
#1035=EDGE_LOOP('',(#1030,#1032,#1033,#1034));
#1036=FACE_OUTER_BOUND('',#1035,.F.);
#1038=CARTESIAN_POINT('',(-6.85E-1,0.E0,0.E0));
#1039=DIRECTION('',(1.E0,0.E0,0.E0));
#1040=DIRECTION('',(0.E0,-1.E0,0.E0));
#1041=AXIS2_PLACEMENT_3D('',#1038,#1039,#1040);
#1042=CYLINDRICAL_SURFACE('',#1041,4.825E0);
#1044=ORIENTED_EDGE('',*,*,#1043,.F.);
#1046=ORIENTED_EDGE('',*,*,#1045,.T.);
#1047=ORIENTED_EDGE('',*,*,#941,.T.);
#1049=ORIENTED_EDGE('',*,*,#1048,.F.);
#1051=ORIENTED_EDGE('',*,*,#1050,.F.);
#1053=ORIENTED_EDGE('',*,*,#1052,.T.);
#1055=ORIENTED_EDGE('',*,*,#1054,.T.);
#1057=ORIENTED_EDGE('',*,*,#1056,.F.);
#1058=EDGE_LOOP('',(#1044,#1046,#1047,#1049,#1051,#1053,#1055,#1057));
#1059=FACE_OUTER_BOUND('',#1058,.F.);
#1061=CARTESIAN_POINT('',(-6.85E-1,0.E0,0.E0));
#1062=DIRECTION('',(1.E0,0.E0,0.E0));
#1063=DIRECTION('',(0.E0,-1.E0,0.E0));
#1064=AXIS2_PLACEMENT_3D('',#1061,#1062,#1063);
#1065=CYLINDRICAL_SURFACE('',#1064,4.825E0);
#1067=ORIENTED_EDGE('',*,*,#1066,.F.);
#1069=ORIENTED_EDGE('',*,*,#1068,.F.);
#1071=ORIENTED_EDGE('',*,*,#1070,.F.);
#1073=ORIENTED_EDGE('',*,*,#1072,.T.);
#1075=ORIENTED_EDGE('',*,*,#1074,.F.);
#1077=ORIENTED_EDGE('',*,*,#1076,.F.);
#1079=ORIENTED_EDGE('',*,*,#1078,.F.);
#1081=ORIENTED_EDGE('',*,*,#1080,.T.);
#1082=EDGE_LOOP('',(#1067,#1069,#1071,#1073,#1075,#1077,#1079,#1081));
#1083=FACE_OUTER_BOUND('',#1082,.F.);
#1085=CARTESIAN_POINT('',(4.24E0,6.1325E0,0.E0));
#1086=DIRECTION('',(0.E0,-1.E0,0.E0));
#1087=DIRECTION('',(-1.E0,0.E0,0.E0));
#1088=AXIS2_PLACEMENT_3D('',#1085,#1086,#1087);
#1089=CYLINDRICAL_SURFACE('',#1088,2.5E0);
#1091=ORIENTED_EDGE('',*,*,#1090,.T.);
#1093=ORIENTED_EDGE('',*,*,#1092,.T.);
#1094=ORIENTED_EDGE('',*,*,#1043,.T.);
#1095=EDGE_LOOP('',(#1091,#1093,#1094));
#1096=FACE_OUTER_BOUND('',#1095,.F.);
#1098=CARTESIAN_POINT('',(4.24E0,6.1325E0,0.E0));
#1099=DIRECTION('',(0.E0,-1.E0,0.E0));
#1100=DIRECTION('',(-1.E0,0.E0,0.E0));
#1101=AXIS2_PLACEMENT_3D('',#1098,#1099,#1100);
#1102=CYLINDRICAL_SURFACE('',#1101,2.5E0);
#1103=ORIENTED_EDGE('',*,*,#1066,.T.);
#1105=ORIENTED_EDGE('',*,*,#1104,.T.);
#1107=ORIENTED_EDGE('',*,*,#1106,.T.);
#1108=EDGE_LOOP('',(#1103,#1105,#1107));
#1109=FACE_OUTER_BOUND('',#1108,.F.);
#1111=CARTESIAN_POINT('',(4.24E0,4.575E0,0.E0));
#1112=DIRECTION('',(0.E0,-1.E0,0.E0));
#1113=DIRECTION('',(-1.E0,0.E0,0.E0));
#1114=AXIS2_PLACEMENT_3D('',#1111,#1112,#1113);
#1115=PLANE('',#1114);
#1117=ORIENTED_EDGE('',*,*,#1116,.F.);
#1119=ORIENTED_EDGE('',*,*,#1118,.F.);
#1121=ORIENTED_EDGE('',*,*,#1120,.T.);
#1122=ORIENTED_EDGE('',*,*,#1068,.T.);
#1123=ORIENTED_EDGE('',*,*,#1106,.F.);
#1125=ORIENTED_EDGE('',*,*,#1124,.F.);
#1127=ORIENTED_EDGE('',*,*,#1126,.T.);
#1128=EDGE_LOOP('',(#1117,#1119,#1121,#1122,#1123,#1125,#1127));
#1129=FACE_OUTER_BOUND('',#1128,.F.);
#1131=CARTESIAN_POINT('',(4.24E0,4.575E0,0.E0));
#1132=DIRECTION('',(0.E0,-1.E0,0.E0));
#1133=DIRECTION('',(-1.E0,0.E0,0.E0));
#1134=AXIS2_PLACEMENT_3D('',#1131,#1132,#1133);
#1135=PLANE('',#1134);
#1137=ORIENTED_EDGE('',*,*,#1136,.F.);
#1139=ORIENTED_EDGE('',*,*,#1138,.T.);
#1141=ORIENTED_EDGE('',*,*,#1140,.F.);
#1142=ORIENTED_EDGE('',*,*,#1090,.F.);
#1143=ORIENTED_EDGE('',*,*,#1056,.T.);
#1145=ORIENTED_EDGE('',*,*,#1144,.T.);
#1147=ORIENTED_EDGE('',*,*,#1146,.F.);
#1148=EDGE_LOOP('',(#1137,#1139,#1141,#1142,#1143,#1145,#1147));
#1149=FACE_OUTER_BOUND('',#1148,.F.);
#1151=CARTESIAN_POINT('',(4.24E0,7.2325E0,0.E0));
#1152=DIRECTION('',(0.E0,-1.E0,0.E0));
#1153=DIRECTION('',(-1.E0,0.E0,0.E0));
#1154=AXIS2_PLACEMENT_3D('',#1151,#1152,#1153);
#1155=CYLINDRICAL_SURFACE('',#1154,9.9E-1);
#1157=ORIENTED_EDGE('',*,*,#1156,.F.);
#1159=ORIENTED_EDGE('',*,*,#1158,.F.);
#1160=ORIENTED_EDGE('',*,*,#1116,.T.);
#1162=ORIENTED_EDGE('',*,*,#1161,.T.);
#1163=ORIENTED_EDGE('',*,*,#1136,.T.);
#1165=ORIENTED_EDGE('',*,*,#1164,.T.);
#1166=EDGE_LOOP('',(#1157,#1159,#1160,#1162,#1163,#1165));
#1167=FACE_OUTER_BOUND('',#1166,.F.);
#1169=CARTESIAN_POINT('',(3.151E0,0.E0,0.E0));
#1170=DIRECTION('',(1.E0,0.E0,0.E0));
#1171=DIRECTION('',(0.E0,-1.E0,0.E0));
#1172=AXIS2_PLACEMENT_3D('',#1169,#1170,#1171);
#1173=CYLINDRICAL_SURFACE('',#1172,5.5E0);
#1175=ORIENTED_EDGE('',*,*,#1174,.T.);
#1177=ORIENTED_EDGE('',*,*,#1176,.T.);
#1178=EDGE_LOOP('',(#1175,#1177));
#1179=FACE_OUTER_BOUND('',#1178,.F.);
#1181=CARTESIAN_POINT('',(3.151E0,0.E0,0.E0));
#1182=DIRECTION('',(1.E0,0.E0,0.E0));
#1183=DIRECTION('',(0.E0,-1.E0,0.E0));
#1184=AXIS2_PLACEMENT_3D('',#1181,#1182,#1183);
#1185=CYLINDRICAL_SURFACE('',#1184,5.5E0);
#1186=ORIENTED_EDGE('',*,*,#1156,.T.);
#1188=ORIENTED_EDGE('',*,*,#1187,.T.);
#1189=EDGE_LOOP('',(#1186,#1188));
#1190=FACE_OUTER_BOUND('',#1189,.F.);
#1192=CARTESIAN_POINT('',(4.24E0,7.2325E0,0.E0));
#1193=DIRECTION('',(0.E0,-1.E0,0.E0));
#1194=DIRECTION('',(-1.E0,0.E0,0.E0));
#1195=AXIS2_PLACEMENT_3D('',#1192,#1193,#1194);
#1196=CYLINDRICAL_SURFACE('',#1195,9.9E-1);
#1197=ORIENTED_EDGE('',*,*,#1174,.F.);
#1199=ORIENTED_EDGE('',*,*,#1198,.T.);
#1201=ORIENTED_EDGE('',*,*,#1200,.F.);
#1203=ORIENTED_EDGE('',*,*,#1202,.T.);
#1205=ORIENTED_EDGE('',*,*,#1204,.F.);
#1207=ORIENTED_EDGE('',*,*,#1206,.F.);
#1208=EDGE_LOOP('',(#1197,#1199,#1201,#1203,#1205,#1207));
#1209=FACE_OUTER_BOUND('',#1208,.F.);
#1211=CARTESIAN_POINT('',(4.24E0,7.2325E0,0.E0));
#1212=DIRECTION('',(0.E0,-1.E0,0.E0));
#1213=DIRECTION('',(-1.E0,0.E0,0.E0));
#1214=AXIS2_PLACEMENT_3D('',#1211,#1212,#1213);
#1215=CYLINDRICAL_SURFACE('',#1214,9.9E-1);
#1216=ORIENTED_EDGE('',*,*,#1176,.F.);
#1217=ORIENTED_EDGE('',*,*,#1206,.T.);
#1219=ORIENTED_EDGE('',*,*,#1218,.F.);
#1221=ORIENTED_EDGE('',*,*,#1220,.T.);
#1223=ORIENTED_EDGE('',*,*,#1222,.F.);
#1224=ORIENTED_EDGE('',*,*,#1198,.F.);
#1225=EDGE_LOOP('',(#1216,#1217,#1219,#1221,#1223,#1224));
#1226=FACE_OUTER_BOUND('',#1225,.F.);
#1228=CARTESIAN_POINT('',(4.24E0,-4.575E0,0.E0));
#1229=DIRECTION('',(0.E0,-1.E0,0.E0));
#1230=DIRECTION('',(-1.E0,0.E0,0.E0));
#1231=AXIS2_PLACEMENT_3D('',#1228,#1229,#1230);
#1232=PLANE('',#1231);
#1233=ORIENTED_EDGE('',*,*,#1204,.T.);
#1235=ORIENTED_EDGE('',*,*,#1234,.T.);
#1237=ORIENTED_EDGE('',*,*,#1236,.T.);
#1239=ORIENTED_EDGE('',*,*,#1238,.F.);
#1240=ORIENTED_EDGE('',*,*,#1072,.F.);
#1242=ORIENTED_EDGE('',*,*,#1241,.T.);
#1243=ORIENTED_EDGE('',*,*,#1218,.T.);
#1244=EDGE_LOOP('',(#1233,#1235,#1237,#1239,#1240,#1242,#1243));
#1245=FACE_OUTER_BOUND('',#1244,.F.);
#1247=CARTESIAN_POINT('',(4.24E0,-4.575E0,0.E0));
#1248=DIRECTION('',(0.E0,-1.E0,0.E0));
#1249=DIRECTION('',(-1.E0,0.E0,0.E0));
#1250=AXIS2_PLACEMENT_3D('',#1247,#1248,#1249);
#1251=PLANE('',#1250);
#1252=ORIENTED_EDGE('',*,*,#1200,.T.);
#1253=ORIENTED_EDGE('',*,*,#1222,.T.);
#1255=ORIENTED_EDGE('',*,*,#1254,.T.);
#1256=ORIENTED_EDGE('',*,*,#1052,.F.);
#1258=ORIENTED_EDGE('',*,*,#1257,.F.);
#1260=ORIENTED_EDGE('',*,*,#1259,.T.);
#1262=ORIENTED_EDGE('',*,*,#1261,.T.);
#1263=EDGE_LOOP('',(#1252,#1253,#1255,#1256,#1258,#1260,#1262));
#1264=FACE_OUTER_BOUND('',#1263,.F.);
#1266=CARTESIAN_POINT('',(4.24E0,0.E0,0.E0));
#1267=DIRECTION('',(1.E0,0.E0,0.E0));
#1268=DIRECTION('',(0.E0,-1.E0,0.E0));
#1269=AXIS2_PLACEMENT_3D('',#1266,#1267,#1268);
#1270=TOROIDAL_SURFACE('',#1269,1.3675E1,9.E0);
#1272=ORIENTED_EDGE('',*,*,#1271,.T.);
#1273=ORIENTED_EDGE('',*,*,#1261,.F.);
#1275=ORIENTED_EDGE('',*,*,#1274,.F.);
#1276=ORIENTED_EDGE('',*,*,#1138,.F.);
#1278=ORIENTED_EDGE('',*,*,#1277,.T.);
#1279=ORIENTED_EDGE('',*,*,#1126,.F.);
#1281=ORIENTED_EDGE('',*,*,#1280,.T.);
#1282=ORIENTED_EDGE('',*,*,#1234,.F.);
#1283=EDGE_LOOP('',(#1272,#1273,#1275,#1276,#1278,#1279,#1281,#1282));
#1284=FACE_OUTER_BOUND('',#1283,.F.);
#1286=CARTESIAN_POINT('',(-6.85E-1,0.E0,0.E0));
#1287=DIRECTION('',(1.E0,0.E0,0.E0));
#1288=DIRECTION('',(0.E0,-1.E0,0.E0));
#1289=AXIS2_PLACEMENT_3D('',#1286,#1287,#1288);
#1290=CYLINDRICAL_SURFACE('',#1289,4.825E0);
#1291=ORIENTED_EDGE('',*,*,#1140,.T.);
#1292=ORIENTED_EDGE('',*,*,#1274,.T.);
#1293=ORIENTED_EDGE('',*,*,#1259,.F.);
#1295=ORIENTED_EDGE('',*,*,#1294,.F.);
#1296=ORIENTED_EDGE('',*,*,#1048,.T.);
#1297=ORIENTED_EDGE('',*,*,#943,.F.);
#1298=ORIENTED_EDGE('',*,*,#1045,.F.);
#1299=ORIENTED_EDGE('',*,*,#1092,.F.);
#1300=EDGE_LOOP('',(#1291,#1292,#1293,#1295,#1296,#1297,#1298,#1299));
#1301=FACE_OUTER_BOUND('',#1300,.F.);
#1303=CARTESIAN_POINT('',(-6.85E-1,0.E0,0.E0));
#1304=DIRECTION('',(1.E0,0.E0,0.E0));
#1305=DIRECTION('',(0.E0,-1.E0,0.E0));
#1306=AXIS2_PLACEMENT_3D('',#1303,#1304,#1305);
#1307=CYLINDRICAL_SURFACE('',#1306,4.825E0);
#1308=ORIENTED_EDGE('',*,*,#1124,.T.);
#1309=ORIENTED_EDGE('',*,*,#1104,.F.);
#1310=ORIENTED_EDGE('',*,*,#1080,.F.);
#1312=ORIENTED_EDGE('',*,*,#1311,.T.);
#1313=ORIENTED_EDGE('',*,*,#1076,.T.);
#1315=ORIENTED_EDGE('',*,*,#1314,.F.);
#1316=ORIENTED_EDGE('',*,*,#1236,.F.);
#1317=ORIENTED_EDGE('',*,*,#1280,.F.);
#1318=EDGE_LOOP('',(#1308,#1309,#1310,#1312,#1313,#1315,#1316,#1317));
#1319=FACE_OUTER_BOUND('',#1318,.F.);
#1321=CARTESIAN_POINT('',(4.24E0,6.1325E0,0.E0));
#1322=DIRECTION('',(0.E0,-1.E0,0.E0));
#1323=DIRECTION('',(-1.E0,0.E0,0.E0));
#1324=AXIS2_PLACEMENT_3D('',#1321,#1322,#1323);
#1325=CYLINDRICAL_SURFACE('',#1324,2.5E0);
#1326=ORIENTED_EDGE('',*,*,#1050,.T.);
#1327=ORIENTED_EDGE('',*,*,#1294,.T.);
#1328=ORIENTED_EDGE('',*,*,#1257,.T.);
#1329=EDGE_LOOP('',(#1326,#1327,#1328));
#1330=FACE_OUTER_BOUND('',#1329,.F.);
#1332=CARTESIAN_POINT('',(4.24E0,6.1325E0,0.E0));
#1333=DIRECTION('',(0.E0,-1.E0,0.E0));
#1334=DIRECTION('',(-1.E0,0.E0,0.E0));
#1335=AXIS2_PLACEMENT_3D('',#1332,#1333,#1334);
#1336=CYLINDRICAL_SURFACE('',#1335,2.5E0);
#1337=ORIENTED_EDGE('',*,*,#1238,.T.);
#1338=ORIENTED_EDGE('',*,*,#1314,.T.);
#1339=ORIENTED_EDGE('',*,*,#1074,.T.);
#1340=EDGE_LOOP('',(#1337,#1338,#1339));
#1341=FACE_OUTER_BOUND('',#1340,.F.);
#1343=CARTESIAN_POINT('',(1.17E1,0.E0,0.E0));
#1344=DIRECTION('',(1.E0,0.E0,0.E0));
#1345=DIRECTION('',(0.E0,-1.E0,0.E0));
#1346=AXIS2_PLACEMENT_3D('',#1343,#1344,#1345);
#1347=PLANE('',#1346);
#1349=ORIENTED_EDGE('',*,*,#1348,.F.);
#1351=ORIENTED_EDGE('',*,*,#1350,.T.);
#1352=EDGE_LOOP('',(#1349,#1351));
#1353=FACE_OUTER_BOUND('',#1352,.F.);
#1354=ORIENTED_EDGE('',*,*,#1311,.F.);
#1355=ORIENTED_EDGE('',*,*,#1078,.T.);
#1356=EDGE_LOOP('',(#1354,#1355));
#1357=FACE_BOUND('',#1356,.F.);
#1359=CARTESIAN_POINT('',(-6.85E-1,0.E0,0.E0));
#1360=DIRECTION('',(1.E0,0.E0,0.E0));
#1361=DIRECTION('',(0.E0,-1.E0,0.E0));
#1362=AXIS2_PLACEMENT_3D('',#1359,#1360,#1361);
#1363=CYLINDRICAL_SURFACE('',#1362,5.5E0);
#1365=ORIENTED_EDGE('',*,*,#1364,.T.);
#1366=ORIENTED_EDGE('',*,*,#1348,.T.);
#1368=ORIENTED_EDGE('',*,*,#1367,.F.);
#1370=ORIENTED_EDGE('',*,*,#1369,.F.);
#1371=EDGE_LOOP('',(#1365,#1366,#1368,#1370));
#1372=FACE_OUTER_BOUND('',#1371,.F.);
#1374=CARTESIAN_POINT('',(-6.85E-1,0.E0,0.E0));
#1375=DIRECTION('',(1.E0,0.E0,0.E0));
#1376=DIRECTION('',(0.E0,-1.E0,0.E0));
#1377=AXIS2_PLACEMENT_3D('',#1374,#1375,#1376);
#1378=CYLINDRICAL_SURFACE('',#1377,5.5E0);
#1379=ORIENTED_EDGE('',*,*,#1364,.F.);
#1381=ORIENTED_EDGE('',*,*,#1380,.T.);
#1382=ORIENTED_EDGE('',*,*,#1367,.T.);
#1383=ORIENTED_EDGE('',*,*,#1350,.F.);
#1384=EDGE_LOOP('',(#1379,#1381,#1382,#1383));
#1385=FACE_OUTER_BOUND('',#1384,.F.);
#1387=CARTESIAN_POINT('',(1.37E1,0.E0,0.E0));
#1388=DIRECTION('',(1.E0,0.E0,0.E0));
#1389=DIRECTION('',(0.E0,-1.E0,0.E0));
#1390=AXIS2_PLACEMENT_3D('',#1387,#1388,#1389);
#1391=PLANE('',#1390);
#1392=ORIENTED_EDGE('',*,*,#1380,.F.);
#1393=ORIENTED_EDGE('',*,*,#1369,.T.);
#1394=EDGE_LOOP('',(#1392,#1393));
#1395=FACE_OUTER_BOUND('',#1394,.F.);
#1397=ORIENTED_EDGE('',*,*,#1396,.T.);
#1399=ORIENTED_EDGE('',*,*,#1398,.T.);
#1401=ORIENTED_EDGE('',*,*,#1400,.T.);
#1403=ORIENTED_EDGE('',*,*,#1402,.T.);
#1404=EDGE_LOOP('',(#1397,#1399,#1401,#1403));
#1405=FACE_BOUND('',#1404,.F.);
#1407=ORIENTED_EDGE('',*,*,#1406,.T.);
#1409=ORIENTED_EDGE('',*,*,#1408,.T.);
#1411=ORIENTED_EDGE('',*,*,#1410,.T.);
#1413=ORIENTED_EDGE('',*,*,#1412,.T.);
#1414=EDGE_LOOP('',(#1407,#1409,#1411,#1413));
#1415=FACE_BOUND('',#1414,.F.);
#1417=ORIENTED_EDGE('',*,*,#1416,.T.);
#1419=ORIENTED_EDGE('',*,*,#1418,.T.);
#1421=ORIENTED_EDGE('',*,*,#1420,.T.);
#1423=ORIENTED_EDGE('',*,*,#1422,.T.);
#1424=EDGE_LOOP('',(#1417,#1419,#1421,#1423));
#1425=FACE_BOUND('',#1424,.F.);
#1427=ORIENTED_EDGE('',*,*,#1426,.T.);
#1429=ORIENTED_EDGE('',*,*,#1428,.T.);
#1431=ORIENTED_EDGE('',*,*,#1430,.T.);
#1433=ORIENTED_EDGE('',*,*,#1432,.T.);
#1434=EDGE_LOOP('',(#1427,#1429,#1431,#1433));
#1435=FACE_BOUND('',#1434,.F.);
#1437=ORIENTED_EDGE('',*,*,#1436,.F.);
#1439=ORIENTED_EDGE('',*,*,#1438,.F.);
#1440=EDGE_LOOP('',(#1437,#1439));
#1441=FACE_BOUND('',#1440,.F.);
#1443=CARTESIAN_POINT('',(1.37E1,2.563262081801E0,3.164302845810E0));
#1444=DIRECTION('',(0.E0,-7.071067811865E-1,-7.071067811865E-1));
#1445=DIRECTION('',(0.E0,7.071067811865E-1,-7.071067811865E-1));
#1446=AXIS2_PLACEMENT_3D('',#1443,#1444,#1445);
#1447=PLANE('',#1446);
#1448=ORIENTED_EDGE('',*,*,#1396,.F.);
#1450=ORIENTED_EDGE('',*,*,#1449,.T.);
#1452=ORIENTED_EDGE('',*,*,#1451,.T.);
#1454=ORIENTED_EDGE('',*,*,#1453,.F.);
#1455=EDGE_LOOP('',(#1448,#1450,#1452,#1454));
#1456=FACE_OUTER_BOUND('',#1455,.F.);
#1458=CARTESIAN_POINT('',(1.37E1,3.164302845810E0,3.765343609818E0));
#1459=DIRECTION('',(0.E0,-7.071067811865E-1,7.071067811865E-1));
#1460=DIRECTION('',(0.E0,-7.071067811865E-1,-7.071067811865E-1));
#1461=AXIS2_PLACEMENT_3D('',#1458,#1459,#1460);
#1462=PLANE('',#1461);
#1463=ORIENTED_EDGE('',*,*,#1402,.F.);
#1465=ORIENTED_EDGE('',*,*,#1464,.T.);
#1467=ORIENTED_EDGE('',*,*,#1466,.T.);
#1468=ORIENTED_EDGE('',*,*,#1449,.F.);
#1469=EDGE_LOOP('',(#1463,#1465,#1467,#1468));
#1470=FACE_OUTER_BOUND('',#1469,.F.);
#1472=CARTESIAN_POINT('',(1.37E1,3.765343609818E0,3.164302845810E0));
#1473=DIRECTION('',(0.E0,7.071067811865E-1,7.071067811865E-1));
#1474=DIRECTION('',(0.E0,-7.071067811865E-1,7.071067811865E-1));
#1475=AXIS2_PLACEMENT_3D('',#1472,#1473,#1474);
#1476=PLANE('',#1475);
#1477=ORIENTED_EDGE('',*,*,#1400,.F.);
#1479=ORIENTED_EDGE('',*,*,#1478,.T.);
#1481=ORIENTED_EDGE('',*,*,#1480,.T.);
#1482=ORIENTED_EDGE('',*,*,#1464,.F.);
#1483=EDGE_LOOP('',(#1477,#1479,#1481,#1482));
#1484=FACE_OUTER_BOUND('',#1483,.F.);
#1486=CARTESIAN_POINT('',(1.37E1,3.164302845810E0,2.563262081801E0));
#1487=DIRECTION('',(0.E0,7.071067811865E-1,-7.071067811865E-1));
#1488=DIRECTION('',(0.E0,7.071067811865E-1,7.071067811865E-1));
#1489=AXIS2_PLACEMENT_3D('',#1486,#1487,#1488);
#1490=PLANE('',#1489);
#1491=ORIENTED_EDGE('',*,*,#1398,.F.);
#1492=ORIENTED_EDGE('',*,*,#1453,.T.);
#1494=ORIENTED_EDGE('',*,*,#1493,.T.);
#1495=ORIENTED_EDGE('',*,*,#1478,.F.);
#1496=EDGE_LOOP('',(#1491,#1492,#1494,#1495));
#1497=FACE_OUTER_BOUND('',#1496,.F.);
#1499=CARTESIAN_POINT('',(1.713E1,0.E0,0.E0));
#1500=DIRECTION('',(1.E0,0.E0,0.E0));
#1501=DIRECTION('',(0.E0,1.E0,0.E0));
#1502=AXIS2_PLACEMENT_3D('',#1499,#1500,#1501);
#1503=PLANE('',#1502);
#1504=ORIENTED_EDGE('',*,*,#1451,.F.);
#1505=ORIENTED_EDGE('',*,*,#1466,.F.);
#1506=ORIENTED_EDGE('',*,*,#1480,.F.);
#1507=ORIENTED_EDGE('',*,*,#1493,.F.);
#1508=EDGE_LOOP('',(#1504,#1505,#1506,#1507));
#1509=FACE_OUTER_BOUND('',#1508,.F.);
#1511=CARTESIAN_POINT('',(1.713E1,0.E0,0.E0));
#1512=DIRECTION('',(1.E0,0.E0,0.E0));
#1513=DIRECTION('',(0.E0,1.E0,0.E0));
#1514=AXIS2_PLACEMENT_3D('',#1511,#1512,#1513);
#1515=PLANE('',#1514);
#1517=ORIENTED_EDGE('',*,*,#1516,.F.);
#1519=ORIENTED_EDGE('',*,*,#1518,.F.);
#1521=ORIENTED_EDGE('',*,*,#1520,.F.);
#1523=ORIENTED_EDGE('',*,*,#1522,.F.);
#1524=EDGE_LOOP('',(#1517,#1519,#1521,#1523));
#1525=FACE_OUTER_BOUND('',#1524,.F.);
#1527=CARTESIAN_POINT('',(1.713E1,0.E0,0.E0));
#1528=DIRECTION('',(1.E0,0.E0,0.E0));
#1529=DIRECTION('',(0.E0,1.E0,0.E0));
#1530=AXIS2_PLACEMENT_3D('',#1527,#1528,#1529);
#1531=PLANE('',#1530);
#1533=ORIENTED_EDGE('',*,*,#1532,.F.);
#1535=ORIENTED_EDGE('',*,*,#1534,.F.);
#1537=ORIENTED_EDGE('',*,*,#1536,.F.);
#1539=ORIENTED_EDGE('',*,*,#1538,.F.);
#1540=EDGE_LOOP('',(#1533,#1535,#1537,#1539));
#1541=FACE_OUTER_BOUND('',#1540,.F.);
#1543=CARTESIAN_POINT('',(1.713E1,0.E0,0.E0));
#1544=DIRECTION('',(1.E0,0.E0,0.E0));
#1545=DIRECTION('',(0.E0,1.E0,0.E0));
#1546=AXIS2_PLACEMENT_3D('',#1543,#1544,#1545);
#1547=PLANE('',#1546);
#1549=ORIENTED_EDGE('',*,*,#1548,.F.);
#1551=ORIENTED_EDGE('',*,*,#1550,.F.);
#1553=ORIENTED_EDGE('',*,*,#1552,.F.);
#1555=ORIENTED_EDGE('',*,*,#1554,.F.);
#1556=EDGE_LOOP('',(#1549,#1551,#1553,#1555));
#1557=FACE_OUTER_BOUND('',#1556,.F.);
#1559=CARTESIAN_POINT('',(1.37E1,-3.164302845810E0,-2.563262081801E0));
#1560=DIRECTION('',(0.E0,-7.071067811865E-1,7.071067811865E-1));
#1561=DIRECTION('',(0.E0,-7.071067811865E-1,-7.071067811865E-1));
#1562=AXIS2_PLACEMENT_3D('',#1559,#1560,#1561);
#1563=PLANE('',#1562);
#1564=ORIENTED_EDGE('',*,*,#1406,.F.);
#1566=ORIENTED_EDGE('',*,*,#1565,.T.);
#1567=ORIENTED_EDGE('',*,*,#1516,.T.);
#1569=ORIENTED_EDGE('',*,*,#1568,.F.);
#1570=EDGE_LOOP('',(#1564,#1566,#1567,#1569));
#1571=FACE_OUTER_BOUND('',#1570,.F.);
#1573=CARTESIAN_POINT('',(1.37E1,-2.563262081801E0,-3.164302845810E0));
#1574=DIRECTION('',(0.E0,7.071067811865E-1,7.071067811865E-1));
#1575=DIRECTION('',(0.E0,-7.071067811865E-1,7.071067811865E-1));
#1576=AXIS2_PLACEMENT_3D('',#1573,#1574,#1575);
#1577=PLANE('',#1576);
#1578=ORIENTED_EDGE('',*,*,#1412,.F.);
#1580=ORIENTED_EDGE('',*,*,#1579,.T.);
#1581=ORIENTED_EDGE('',*,*,#1518,.T.);
#1582=ORIENTED_EDGE('',*,*,#1565,.F.);
#1583=EDGE_LOOP('',(#1578,#1580,#1581,#1582));
#1584=FACE_OUTER_BOUND('',#1583,.F.);
#1586=CARTESIAN_POINT('',(1.37E1,-3.164302845810E0,-3.765343609818E0));
#1587=DIRECTION('',(0.E0,7.071067811865E-1,-7.071067811865E-1));
#1588=DIRECTION('',(0.E0,7.071067811865E-1,7.071067811865E-1));
#1589=AXIS2_PLACEMENT_3D('',#1586,#1587,#1588);
#1590=PLANE('',#1589);
#1591=ORIENTED_EDGE('',*,*,#1410,.F.);
#1593=ORIENTED_EDGE('',*,*,#1592,.T.);
#1594=ORIENTED_EDGE('',*,*,#1520,.T.);
#1595=ORIENTED_EDGE('',*,*,#1579,.F.);
#1596=EDGE_LOOP('',(#1591,#1593,#1594,#1595));
#1597=FACE_OUTER_BOUND('',#1596,.F.);
#1599=CARTESIAN_POINT('',(1.37E1,-3.765343609818E0,-3.164302845810E0));
#1600=DIRECTION('',(0.E0,-7.071067811865E-1,-7.071067811865E-1));
#1601=DIRECTION('',(0.E0,7.071067811865E-1,-7.071067811865E-1));
#1602=AXIS2_PLACEMENT_3D('',#1599,#1600,#1601);
#1603=PLANE('',#1602);
#1604=ORIENTED_EDGE('',*,*,#1408,.F.);
#1605=ORIENTED_EDGE('',*,*,#1568,.T.);
#1606=ORIENTED_EDGE('',*,*,#1522,.T.);
#1607=ORIENTED_EDGE('',*,*,#1592,.F.);
#1608=EDGE_LOOP('',(#1604,#1605,#1606,#1607));
#1609=FACE_OUTER_BOUND('',#1608,.F.);
#1611=CARTESIAN_POINT('',(1.37E1,-2.563262081801E0,3.164302845810E0));
#1612=DIRECTION('',(0.E0,7.071067811865E-1,7.071067811865E-1));
#1613=DIRECTION('',(0.E0,-7.071067811865E-1,7.071067811865E-1));
#1614=AXIS2_PLACEMENT_3D('',#1611,#1612,#1613);
#1615=PLANE('',#1614);
#1616=ORIENTED_EDGE('',*,*,#1416,.F.);
#1618=ORIENTED_EDGE('',*,*,#1617,.T.);
#1619=ORIENTED_EDGE('',*,*,#1532,.T.);
#1621=ORIENTED_EDGE('',*,*,#1620,.F.);
#1622=EDGE_LOOP('',(#1616,#1618,#1619,#1621));
#1623=FACE_OUTER_BOUND('',#1622,.F.);
#1625=CARTESIAN_POINT('',(1.37E1,-3.164302845810E0,2.563262081801E0));
#1626=DIRECTION('',(0.E0,7.071067811865E-1,-7.071067811865E-1));
#1627=DIRECTION('',(0.E0,7.071067811865E-1,7.071067811865E-1));
#1628=AXIS2_PLACEMENT_3D('',#1625,#1626,#1627);
#1629=PLANE('',#1628);
#1630=ORIENTED_EDGE('',*,*,#1422,.F.);
#1632=ORIENTED_EDGE('',*,*,#1631,.T.);
#1633=ORIENTED_EDGE('',*,*,#1534,.T.);
#1634=ORIENTED_EDGE('',*,*,#1617,.F.);
#1635=EDGE_LOOP('',(#1630,#1632,#1633,#1634));
#1636=FACE_OUTER_BOUND('',#1635,.F.);
#1638=CARTESIAN_POINT('',(1.37E1,-3.765343609818E0,3.164302845810E0));
#1639=DIRECTION('',(0.E0,-7.071067811865E-1,-7.071067811865E-1));
#1640=DIRECTION('',(0.E0,7.071067811865E-1,-7.071067811865E-1));
#1641=AXIS2_PLACEMENT_3D('',#1638,#1639,#1640);
#1642=PLANE('',#1641);
#1643=ORIENTED_EDGE('',*,*,#1420,.F.);
#1645=ORIENTED_EDGE('',*,*,#1644,.T.);
#1646=ORIENTED_EDGE('',*,*,#1536,.T.);
#1647=ORIENTED_EDGE('',*,*,#1631,.F.);
#1648=EDGE_LOOP('',(#1643,#1645,#1646,#1647));
#1649=FACE_OUTER_BOUND('',#1648,.F.);
#1651=CARTESIAN_POINT('',(1.37E1,-3.164302845810E0,3.765343609818E0));
#1652=DIRECTION('',(0.E0,-7.071067811865E-1,7.071067811865E-1));
#1653=DIRECTION('',(0.E0,-7.071067811865E-1,-7.071067811865E-1));
#1654=AXIS2_PLACEMENT_3D('',#1651,#1652,#1653);
#1655=PLANE('',#1654);
#1656=ORIENTED_EDGE('',*,*,#1418,.F.);
#1657=ORIENTED_EDGE('',*,*,#1620,.T.);
#1658=ORIENTED_EDGE('',*,*,#1538,.T.);
#1659=ORIENTED_EDGE('',*,*,#1644,.F.);
#1660=EDGE_LOOP('',(#1656,#1657,#1658,#1659));
#1661=FACE_OUTER_BOUND('',#1660,.F.);
#1663=CARTESIAN_POINT('',(1.37E1,3.164302845810E0,-2.563262081801E0));
#1664=DIRECTION('',(0.E0,-7.071067811865E-1,7.071067811865E-1));
#1665=DIRECTION('',(0.E0,-7.071067811865E-1,-7.071067811865E-1));
#1666=AXIS2_PLACEMENT_3D('',#1663,#1664,#1665);
#1667=PLANE('',#1666);
#1668=ORIENTED_EDGE('',*,*,#1426,.F.);
#1670=ORIENTED_EDGE('',*,*,#1669,.T.);
#1671=ORIENTED_EDGE('',*,*,#1548,.T.);
#1673=ORIENTED_EDGE('',*,*,#1672,.F.);
#1674=EDGE_LOOP('',(#1668,#1670,#1671,#1673));
#1675=FACE_OUTER_BOUND('',#1674,.F.);
#1677=CARTESIAN_POINT('',(1.37E1,3.765343609818E0,-3.164302845810E0));
#1678=DIRECTION('',(0.E0,7.071067811865E-1,7.071067811865E-1));
#1679=DIRECTION('',(0.E0,-7.071067811865E-1,7.071067811865E-1));
#1680=AXIS2_PLACEMENT_3D('',#1677,#1678,#1679);
#1681=PLANE('',#1680);
#1682=ORIENTED_EDGE('',*,*,#1432,.F.);
#1684=ORIENTED_EDGE('',*,*,#1683,.T.);
#1685=ORIENTED_EDGE('',*,*,#1550,.T.);
#1686=ORIENTED_EDGE('',*,*,#1669,.F.);
#1687=EDGE_LOOP('',(#1682,#1684,#1685,#1686));
#1688=FACE_OUTER_BOUND('',#1687,.F.);
#1690=CARTESIAN_POINT('',(1.37E1,3.164302845810E0,-3.765343609818E0));
#1691=DIRECTION('',(0.E0,7.071067811865E-1,-7.071067811865E-1));
#1692=DIRECTION('',(0.E0,7.071067811865E-1,7.071067811865E-1));
#1693=AXIS2_PLACEMENT_3D('',#1690,#1691,#1692);
#1694=PLANE('',#1693);
#1695=ORIENTED_EDGE('',*,*,#1430,.F.);
#1697=ORIENTED_EDGE('',*,*,#1696,.T.);
#1698=ORIENTED_EDGE('',*,*,#1552,.T.);
#1699=ORIENTED_EDGE('',*,*,#1683,.F.);
#1700=EDGE_LOOP('',(#1695,#1697,#1698,#1699));
#1701=FACE_OUTER_BOUND('',#1700,.F.);
#1703=CARTESIAN_POINT('',(1.37E1,2.563262081801E0,-3.164302845810E0));
#1704=DIRECTION('',(0.E0,-7.071067811865E-1,-7.071067811865E-1));
#1705=DIRECTION('',(0.E0,7.071067811865E-1,-7.071067811865E-1));
#1706=AXIS2_PLACEMENT_3D('',#1703,#1704,#1705);
#1707=PLANE('',#1706);
#1708=ORIENTED_EDGE('',*,*,#1428,.F.);
#1709=ORIENTED_EDGE('',*,*,#1672,.T.);
#1710=ORIENTED_EDGE('',*,*,#1554,.T.);
#1711=ORIENTED_EDGE('',*,*,#1696,.F.);
#1712=EDGE_LOOP('',(#1708,#1709,#1710,#1711));
#1713=FACE_OUTER_BOUND('',#1712,.F.);
#1715=CARTESIAN_POINT('',(1.355000533118E1,0.E0,0.E0));
#1716=DIRECTION('',(1.E0,0.E0,0.E0));
#1717=DIRECTION('',(0.E0,0.E0,-1.E0));
#1718=AXIS2_PLACEMENT_3D('',#1715,#1716,#1717);
#1719=CONICAL_SURFACE('',#1718,2.649994958961E0,4.499988787093E1);
#1720=ORIENTED_EDGE('',*,*,#1436,.T.);
#1722=ORIENTED_EDGE('',*,*,#1721,.T.);
#1724=ORIENTED_EDGE('',*,*,#1723,.F.);
#1726=ORIENTED_EDGE('',*,*,#1725,.F.);
#1727=EDGE_LOOP('',(#1720,#1722,#1724,#1726));
#1728=FACE_OUTER_BOUND('',#1727,.F.);
#1730=CARTESIAN_POINT('',(1.355000533118E1,0.E0,0.E0));
#1731=DIRECTION('',(1.E0,0.E0,0.E0));
#1732=DIRECTION('',(0.E0,0.E0,-1.E0));
#1733=AXIS2_PLACEMENT_3D('',#1730,#1731,#1732);
#1734=CONICAL_SURFACE('',#1733,2.649994958961E0,4.499988787093E1);
#1735=ORIENTED_EDGE('',*,*,#1438,.T.);
#1736=ORIENTED_EDGE('',*,*,#1725,.T.);
#1738=ORIENTED_EDGE('',*,*,#1737,.F.);
#1739=ORIENTED_EDGE('',*,*,#1721,.F.);
#1740=EDGE_LOOP('',(#1735,#1736,#1738,#1739));
#1741=FACE_OUTER_BOUND('',#1740,.F.);
#1743=CARTESIAN_POINT('',(-6.85E-1,0.E0,0.E0));
#1744=DIRECTION('',(1.E0,0.E0,0.E0));
#1745=DIRECTION('',(0.E0,-1.E0,0.E0));
#1746=AXIS2_PLACEMENT_3D('',#1743,#1744,#1745);
#1747=CYLINDRICAL_SURFACE('',#1746,2.5E0);
#1748=ORIENTED_EDGE('',*,*,#1737,.T.);
#1750=ORIENTED_EDGE('',*,*,#1749,.F.);
#1752=ORIENTED_EDGE('',*,*,#1751,.T.);
#1754=ORIENTED_EDGE('',*,*,#1753,.T.);
#1755=EDGE_LOOP('',(#1748,#1750,#1752,#1754));
#1756=FACE_OUTER_BOUND('',#1755,.F.);
#1758=CARTESIAN_POINT('',(-6.85E-1,0.E0,0.E0));
#1759=DIRECTION('',(1.E0,0.E0,0.E0));
#1760=DIRECTION('',(0.E0,-1.E0,0.E0));
#1761=AXIS2_PLACEMENT_3D('',#1758,#1759,#1760);
#1762=CYLINDRICAL_SURFACE('',#1761,2.5E0);
#1763=ORIENTED_EDGE('',*,*,#1723,.T.);
#1764=ORIENTED_EDGE('',*,*,#1753,.F.);
#1766=ORIENTED_EDGE('',*,*,#1765,.T.);
#1767=ORIENTED_EDGE('',*,*,#1749,.T.);
#1768=EDGE_LOOP('',(#1763,#1764,#1766,#1767));
#1769=FACE_OUTER_BOUND('',#1768,.F.);
#1771=CARTESIAN_POINT('',(4.24E0,0.E0,0.E0));
#1772=DIRECTION('',(1.E0,0.E0,0.E0));
#1773=DIRECTION('',(0.E0,-1.E0,0.E0));
#1774=AXIS2_PLACEMENT_3D('',#1771,#1772,#1773);
#1775=TOROIDAL_SURFACE('',#1774,1.3675E1,9.E0);
#1777=ORIENTED_EDGE('',*,*,#1776,.T.);
#1778=ORIENTED_EDGE('',*,*,#1241,.F.);
#1779=ORIENTED_EDGE('',*,*,#1070,.T.);
#1780=ORIENTED_EDGE('',*,*,#1120,.F.);
#1782=ORIENTED_EDGE('',*,*,#1781,.T.);
#1783=ORIENTED_EDGE('',*,*,#1144,.F.);
#1784=ORIENTED_EDGE('',*,*,#1054,.F.);
#1785=ORIENTED_EDGE('',*,*,#1254,.F.);
#1786=EDGE_LOOP('',(#1777,#1778,#1779,#1780,#1782,#1783,#1784,#1785));
#1787=FACE_OUTER_BOUND('',#1786,.F.);
#1789=CARTESIAN_POINT('',(4.24E0,7.2325E0,0.E0));
#1790=DIRECTION('',(0.E0,-1.E0,0.E0));
#1791=DIRECTION('',(-1.E0,0.E0,0.E0));
#1792=AXIS2_PLACEMENT_3D('',#1789,#1790,#1791);
#1793=CYLINDRICAL_SURFACE('',#1792,9.9E-1);
#1794=ORIENTED_EDGE('',*,*,#1187,.F.);
#1795=ORIENTED_EDGE('',*,*,#1164,.F.);
#1796=ORIENTED_EDGE('',*,*,#1146,.T.);
#1798=ORIENTED_EDGE('',*,*,#1797,.T.);
#1799=ORIENTED_EDGE('',*,*,#1118,.T.);
#1800=ORIENTED_EDGE('',*,*,#1158,.T.);
#1801=EDGE_LOOP('',(#1794,#1795,#1796,#1798,#1799,#1800));
#1802=FACE_OUTER_BOUND('',#1801,.F.);
#1804=OPEN_SHELL('',(#953,#968,#981,#996,#1009,#1024,#1037,#1060,#1084,#1097,
#1110,#1130,#1150,#1168,#1180,#1191,#1210,#1227,#1246,#1265,#1285,#1302,#1320,
#1331,#1342,#1358,#1373,#1386,#1442,#1457,#1471,#1485,#1498,#1510,#1526,#1542,
#1558,#1572,#1585,#1598,#1610,#1624,#1637,#1650,#1662,#1676,#1689,#1702,#1714,
#1729,#1742,#1757,#1770,#1788,#1803));
#1805=CARTESIAN_POINT('',(9.2E0,0.E0,0.E0));
#1806=DIRECTION('',(1.E0,0.E0,0.E0));
#1807=DIRECTION('',(0.E0,0.E0,1.E0));
#1808=AXIS2_PLACEMENT_3D('',#1805,#1806,#1807);
#1810=CARTESIAN_POINT('',(1.03E1,0.E0,0.E0));
#1811=DIRECTION('',(-1.E0,0.E0,0.E0));
#1812=DIRECTION('',(0.E0,0.E0,-1.E0));
#1813=AXIS2_PLACEMENT_3D('',#1810,#1811,#1812);
#1815=CARTESIAN_POINT('',(1.03E1,0.E0,0.E0));
#1816=DIRECTION('',(1.E0,0.E0,0.E0));
#1817=DIRECTION('',(0.E0,0.E0,-1.E0));
#1818=AXIS2_PLACEMENT_3D('',#1815,#1816,#1817);
#1820=CARTESIAN_POINT('',(1.03E1,0.E0,0.E0));
#1821=DIRECTION('',(-1.E0,0.E0,0.E0));
#1822=DIRECTION('',(0.E0,0.E0,-1.E0));
#1823=AXIS2_PLACEMENT_3D('',#1820,#1821,#1822);
#1825=CARTESIAN_POINT('',(9.2E0,0.E0,0.E0));
#1826=DIRECTION('',(-1.E0,0.E0,0.E0));
#1827=DIRECTION('',(0.E0,0.E0,-1.E0));
#1828=AXIS2_PLACEMENT_3D('',#1825,#1826,#1827);
#1830=CARTESIAN_POINT('',(9.2E0,0.E0,0.E0));
#1831=DIRECTION('',(1.E0,0.E0,0.E0));
#1832=DIRECTION('',(0.E0,0.E0,-1.E0));
#1833=AXIS2_PLACEMENT_3D('',#1830,#1831,#1832);
#1835=CARTESIAN_POINT('',(9.2E0,0.E0,0.E0));
#1836=DIRECTION('',(-1.E0,0.E0,0.E0));
#1837=DIRECTION('',(0.E0,0.E0,1.E0));
#1838=AXIS2_PLACEMENT_3D('',#1835,#1836,#1837);
#1840=CARTESIAN_POINT('',(9.2E0,0.E0,0.E0));
#1841=DIRECTION('',(-1.E0,0.E0,0.E0));
#1842=DIRECTION('',(0.E0,0.E0,-1.E0));
#1843=AXIS2_PLACEMENT_3D('',#1840,#1841,#1842);
#1845=CARTESIAN_POINT('',(1.33E1,0.E0,0.E0));
#1846=DIRECTION('',(1.E0,0.E0,0.E0));
#1847=DIRECTION('',(0.E0,0.E0,1.E0));
#1848=AXIS2_PLACEMENT_3D('',#1845,#1846,#1847);
#1850=CARTESIAN_POINT('',(1.33E1,0.E0,0.E0));
#1851=DIRECTION('',(1.E0,0.E0,0.E0));
#1852=DIRECTION('',(0.E0,0.E0,-1.E0));
#1853=AXIS2_PLACEMENT_3D('',#1850,#1851,#1852);
#1855=CARTESIAN_POINT('',(1.330000058339E1,0.E0,0.E0));
#1856=DIRECTION('',(-1.E0,0.E0,0.E0));
#1857=DIRECTION('',(0.E0,0.E0,-1.E0));
#1858=AXIS2_PLACEMENT_3D('',#1855,#1856,#1857);
#1860=CARTESIAN_POINT('',(1.330000058339E1,0.E0,0.E0));
#1861=DIRECTION('',(-1.E0,0.E0,0.E0));
#1862=DIRECTION('',(0.E0,0.E0,1.E0));
#1863=AXIS2_PLACEMENT_3D('',#1860,#1861,#1862);
#1865=DIRECTION('',(1.E0,0.E0,0.E0));
#1866=VECTOR('',#1865,1.1E0);
#1867=CARTESIAN_POINT('',(9.2E0,0.E0,-3.1E0));
#1868=LINE('',#1867,#1866);
#1869=CARTESIAN_POINT('',(9.2E0,0.E0,0.E0));
#1870=DIRECTION('',(1.E0,0.E0,0.E0));
#1871=DIRECTION('',(0.E0,0.E0,-1.E0));
#1872=AXIS2_PLACEMENT_3D('',#1869,#1870,#1871);
#1874=DIRECTION('',(1.E0,0.E0,0.E0));
#1875=VECTOR('',#1874,1.1E0);
#1876=CARTESIAN_POINT('',(9.2E0,0.E0,3.1E0));
#1877=LINE('',#1876,#1875);
#1878=DIRECTION('',(-1.E0,0.E0,0.E0));
#1879=VECTOR('',#1878,1.1E0);
#1880=CARTESIAN_POINT('',(1.03E1,0.E0,-1.7E0));
#1881=LINE('',#1880,#1879);
#1882=CARTESIAN_POINT('',(1.03E1,0.E0,0.E0));
#1883=DIRECTION('',(1.E0,0.E0,0.E0));
#1884=DIRECTION('',(0.E0,0.E0,-1.E0));
#1885=AXIS2_PLACEMENT_3D('',#1882,#1883,#1884);
#1887=DIRECTION('',(-1.E0,0.E0,0.E0));
#1888=VECTOR('',#1887,1.1E0);
#1889=CARTESIAN_POINT('',(1.03E1,0.E0,1.7E0));
#1890=LINE('',#1889,#1888);
#1891=CARTESIAN_POINT('',(1.309999968102E1,0.E0,0.E0));
#1892=DIRECTION('',(-1.E0,0.E0,0.E0));
#1893=DIRECTION('',(0.E0,-2.382477736977E-9,1.E0));
#1894=AXIS2_PLACEMENT_3D('',#1891,#1892,#1893);
#1896=DIRECTION('',(7.071061315922E-1,2.419586912289E-10,-7.071074307803E-1));
#1897=VECTOR('',#1896,2.828427124639E-1);
#1898=CARTESIAN_POINT('',(1.310000047519E1,-1.769920102656E-10,
2.500000475152E0));
#1899=LINE('',#1898,#1897);
#1900=CARTESIAN_POINT('',(1.309999968102E1,0.E0,0.E0));
#1901=DIRECTION('',(-1.E0,0.E0,0.E0));
#1902=DIRECTION('',(0.E0,2.382477681806E-9,-1.E0));
#1903=AXIS2_PLACEMENT_3D('',#1900,#1901,#1902);
#1905=DIRECTION('',(7.071061315922E-1,-2.419597168145E-10,7.071074307803E-1));
#1906=VECTOR('',#1905,2.828427124639E-1);
#1907=CARTESIAN_POINT('',(1.310000047519E1,1.769916210320E-10,
-2.500000475152E0));
#1908=LINE('',#1907,#1906);
#1909=CARTESIAN_POINT('',(9.2E0,0.E0,-3.1E0));
#1910=CARTESIAN_POINT('',(1.03E1,0.E0,-3.1E0));
#1911=VERTEX_POINT('',#1909);
#1912=VERTEX_POINT('',#1910);
#1913=CARTESIAN_POINT('',(1.03E1,0.E0,-1.7E0));
#1914=CARTESIAN_POINT('',(9.2E0,0.E0,-1.7E0));
#1915=VERTEX_POINT('',#1913);
#1916=VERTEX_POINT('',#1914);
#1917=CARTESIAN_POINT('',(9.2E0,0.E0,3.1E0));
#1918=CARTESIAN_POINT('',(1.03E1,0.E0,3.1E0));
#1919=VERTEX_POINT('',#1917);
#1920=VERTEX_POINT('',#1918);
#1921=CARTESIAN_POINT('',(1.03E1,0.E0,1.7E0));
#1922=CARTESIAN_POINT('',(9.2E0,0.E0,1.7E0));
#1923=VERTEX_POINT('',#1921);
#1924=VERTEX_POINT('',#1922);
#1925=CARTESIAN_POINT('',(9.2E0,0.E0,-1.05E0));
#1926=CARTESIAN_POINT('',(9.2E0,0.E0,1.05E0));
#1927=VERTEX_POINT('',#1925);
#1928=VERTEX_POINT('',#1926);
#1929=CARTESIAN_POINT('',(1.33E1,0.E0,-4.75E-1));
#1930=CARTESIAN_POINT('',(1.33E1,0.E0,4.75E-1));
#1931=VERTEX_POINT('',#1929);
#1932=VERTEX_POINT('',#1930);
#1933=CARTESIAN_POINT('',(1.309999968102E1,5.956194204515E-9,-2.5E0));
#1934=CARTESIAN_POINT('',(1.309999968102E1,5.602209723048E-9,2.5E0));
#1935=VERTEX_POINT('',#1933);
#1936=VERTEX_POINT('',#1934);
#1937=CARTESIAN_POINT('',(1.330000058339E1,0.E0,-2.300000290928E0));
#1938=CARTESIAN_POINT('',(1.330000058339E1,0.E0,2.300000290928E0));
#1939=VERTEX_POINT('',#1937);
#1940=VERTEX_POINT('',#1938);
#1941=CARTESIAN_POINT('',(1.3505E1,0.E0,0.E0));
#1942=DIRECTION('',(-1.E0,0.E0,0.E0));
#1943=DIRECTION('',(0.E0,0.E0,-1.E0));
#1944=AXIS2_PLACEMENT_3D('',#1941,#1942,#1943);
#1945=CYLINDRICAL_SURFACE('',#1944,3.1E0);
#1947=ORIENTED_EDGE('',*,*,#1946,.T.);
#1949=ORIENTED_EDGE('',*,*,#1948,.T.);
#1951=ORIENTED_EDGE('',*,*,#1950,.F.);
#1953=ORIENTED_EDGE('',*,*,#1952,.T.);
#1954=EDGE_LOOP('',(#1947,#1949,#1951,#1953));
#1955=FACE_OUTER_BOUND('',#1954,.F.);
#1957=CARTESIAN_POINT('',(1.03E1,0.E0,0.E0));
#1958=DIRECTION('',(-1.E0,0.E0,0.E0));
#1959=DIRECTION('',(0.E0,0.E0,-1.E0));
#1960=AXIS2_PLACEMENT_3D('',#1957,#1958,#1959);
#1961=PLANE('',#1960);
#1962=ORIENTED_EDGE('',*,*,#1948,.F.);
#1964=ORIENTED_EDGE('',*,*,#1963,.T.);
#1965=EDGE_LOOP('',(#1962,#1964));
#1966=FACE_OUTER_BOUND('',#1965,.F.);
#1968=ORIENTED_EDGE('',*,*,#1967,.F.);
#1970=ORIENTED_EDGE('',*,*,#1969,.T.);
#1971=EDGE_LOOP('',(#1968,#1970));
#1972=FACE_BOUND('',#1971,.F.);
#1974=CARTESIAN_POINT('',(1.3505E1,0.E0,0.E0));
#1975=DIRECTION('',(-1.E0,0.E0,0.E0));
#1976=DIRECTION('',(0.E0,0.E0,-1.E0));
#1977=AXIS2_PLACEMENT_3D('',#1974,#1975,#1976);
#1978=CYLINDRICAL_SURFACE('',#1977,1.7E0);
#1980=ORIENTED_EDGE('',*,*,#1979,.T.);
#1982=ORIENTED_EDGE('',*,*,#1981,.T.);
#1984=ORIENTED_EDGE('',*,*,#1983,.F.);
#1985=ORIENTED_EDGE('',*,*,#1969,.F.);
#1986=EDGE_LOOP('',(#1980,#1982,#1984,#1985));
#1987=FACE_OUTER_BOUND('',#1986,.F.);
#1989=CARTESIAN_POINT('',(9.2E0,0.E0,0.E0));
#1990=DIRECTION('',(-1.E0,0.E0,0.E0));
#1991=DIRECTION('',(0.E0,0.E0,-1.E0));
#1992=AXIS2_PLACEMENT_3D('',#1989,#1990,#1991);
#1993=PLANE('',#1992);
#1994=ORIENTED_EDGE('',*,*,#1981,.F.);
#1996=ORIENTED_EDGE('',*,*,#1995,.T.);
#1997=EDGE_LOOP('',(#1994,#1996));
#1998=FACE_OUTER_BOUND('',#1997,.F.);
#2000=ORIENTED_EDGE('',*,*,#1999,.T.);
#2002=ORIENTED_EDGE('',*,*,#2001,.T.);
#2003=EDGE_LOOP('',(#2000,#2002));
#2004=FACE_BOUND('',#2003,.F.);
#2006=CARTESIAN_POINT('',(1.33E1,0.E0,0.E0));
#2007=DIRECTION('',(-1.E0,0.E0,0.E0));
#2008=DIRECTION('',(0.E0,0.E0,-1.E0));
#2009=AXIS2_PLACEMENT_3D('',#2006,#2007,#2008);
#2010=PLANE('',#2009);
#2012=ORIENTED_EDGE('',*,*,#2011,.T.);
#2014=ORIENTED_EDGE('',*,*,#2013,.T.);
#2015=EDGE_LOOP('',(#2012,#2014));
#2016=FACE_OUTER_BOUND('',#2015,.F.);
#2018=ORIENTED_EDGE('',*,*,#2017,.T.);
#2020=ORIENTED_EDGE('',*,*,#2019,.T.);
#2021=EDGE_LOOP('',(#2018,#2020));
#2022=FACE_BOUND('',#2021,.F.);
#2024=CARTESIAN_POINT('',(1.3505E1,0.E0,0.E0));
#2025=DIRECTION('',(-1.E0,0.E0,0.E0));
#2026=DIRECTION('',(0.E0,0.E0,-1.E0));
#2027=AXIS2_PLACEMENT_3D('',#2024,#2025,#2026);
#2028=CYLINDRICAL_SURFACE('',#2027,3.1E0);
#2029=ORIENTED_EDGE('',*,*,#1946,.F.);
#2031=ORIENTED_EDGE('',*,*,#2030,.T.);
#2032=ORIENTED_EDGE('',*,*,#1950,.T.);
#2033=ORIENTED_EDGE('',*,*,#1963,.F.);
#2034=EDGE_LOOP('',(#2029,#2031,#2032,#2033));
#2035=FACE_OUTER_BOUND('',#2034,.F.);
#2037=CARTESIAN_POINT('',(1.3505E1,0.E0,0.E0));
#2038=DIRECTION('',(-1.E0,0.E0,0.E0));
#2039=DIRECTION('',(0.E0,0.E0,-1.E0));
#2040=AXIS2_PLACEMENT_3D('',#2037,#2038,#2039);
#2041=CYLINDRICAL_SURFACE('',#2040,1.7E0);
#2042=ORIENTED_EDGE('',*,*,#1979,.F.);
#2043=ORIENTED_EDGE('',*,*,#1967,.T.);
#2044=ORIENTED_EDGE('',*,*,#1983,.T.);
#2045=ORIENTED_EDGE('',*,*,#1995,.F.);
#2046=EDGE_LOOP('',(#2042,#2043,#2044,#2045));
#2047=FACE_OUTER_BOUND('',#2046,.F.);
#2049=CARTESIAN_POINT('',(1.320000037760E1,0.E0,0.E0));
#2050=DIRECTION('',(-1.E0,0.E0,0.E0));
#2051=DIRECTION('',(0.E0,0.E0,-1.E0));
#2052=AXIS2_PLACEMENT_3D('',#2049,#2050,#2051);
#2053=CONICAL_SURFACE('',#2052,2.400000534730E0,4.500001089013E1);
#2055=ORIENTED_EDGE('',*,*,#2054,.T.);
#2057=ORIENTED_EDGE('',*,*,#2056,.T.);
#2058=ORIENTED_EDGE('',*,*,#2013,.F.);
#2060=ORIENTED_EDGE('',*,*,#2059,.F.);
#2061=EDGE_LOOP('',(#2055,#2057,#2058,#2060));
#2062=FACE_OUTER_BOUND('',#2061,.F.);
#2064=CARTESIAN_POINT('',(1.320000037760E1,0.E0,0.E0));
#2065=DIRECTION('',(-1.E0,0.E0,0.E0));
#2066=DIRECTION('',(0.E0,0.E0,-1.E0));
#2067=AXIS2_PLACEMENT_3D('',#2064,#2065,#2066);
#2068=CONICAL_SURFACE('',#2067,2.400000534730E0,4.500001089013E1);
#2070=ORIENTED_EDGE('',*,*,#2069,.T.);
#2071=ORIENTED_EDGE('',*,*,#2059,.T.);
#2072=ORIENTED_EDGE('',*,*,#2011,.F.);
#2073=ORIENTED_EDGE('',*,*,#2056,.F.);
#2074=EDGE_LOOP('',(#2070,#2071,#2072,#2073));
#2075=FACE_OUTER_BOUND('',#2074,.F.);
#2077=OPEN_SHELL('',(#1956,#1973,#1988,#2005,#2023,#2036,#2048,#2063,#2076));
#2078=CARTESIAN_POINT('',(1.701999741083E1,0.E0,1.129787425723E-14));
#2079=DIRECTION('',(-1.E0,0.E0,0.E0));
#2080=DIRECTION('',(0.E0,0.E0,-1.E0));
#2081=AXIS2_PLACEMENT_3D('',#2078,#2079,#2080);
#2083=CARTESIAN_POINT('',(1.701999741083E1,0.E0,1.132562983284E-14));
#2084=DIRECTION('',(-1.E0,0.E0,0.E0));
#2085=DIRECTION('',(0.E0,0.E0,1.E0));
#2086=AXIS2_PLACEMENT_3D('',#2083,#2084,#2085);
#2088=CARTESIAN_POINT('',(1.681999856444E1,0.E0,1.133740562369E-14));
#2089=DIRECTION('',(-1.E0,0.E0,0.E0));
#2090=DIRECTION('',(0.E0,0.E0,-1.E0));
#2091=AXIS2_PLACEMENT_3D('',#2088,#2089,#2090);
#2093=CARTESIAN_POINT('',(1.210212161292E1,0.E0,1.133740562369E-14));
#2094=DIRECTION('',(-1.E0,0.E0,0.E0));
#2095=DIRECTION('',(0.E0,0.E0,-1.E0));
#2096=AXIS2_PLACEMENT_3D('',#2093,#2094,#2095);
#2098=CARTESIAN_POINT('',(9.399998949228E0,0.E0,1.133740562369E-14));
#2099=DIRECTION('',(1.E0,0.E0,0.E0));
#2100=DIRECTION('',(0.E0,0.E0,1.E0));
#2101=AXIS2_PLACEMENT_3D('',#2098,#2099,#2100);
#2103=CARTESIAN_POINT('',(7.72E0,0.E0,1.133740562369E-14));
#2104=DIRECTION('',(-1.E0,0.E0,0.E0));
#2105=DIRECTION('',(0.E0,0.E0,-1.E0));
#2106=AXIS2_PLACEMENT_3D('',#2103,#2104,#2105);
#2108=DIRECTION('',(-1.E0,0.E0,0.E0));
#2109=VECTOR('',#2108,4.3E0);
#2110=CARTESIAN_POINT('',(7.72E0,-1.5E-1,-1.039230484541E0));
#2111=LINE('',#2110,#2109);
#2112=DIRECTION('',(1.E0,0.E0,0.E0));
#2113=VECTOR('',#2112,4.3E0);
#2114=CARTESIAN_POINT('',(3.42E0,-1.039230484541E0,-1.5E-1));
#2115=LINE('',#2114,#2113);
#2116=CARTESIAN_POINT('',(7.72E0,0.E0,1.133740562369E-14));
#2117=DIRECTION('',(-1.E0,0.E0,0.E0));
#2118=DIRECTION('',(0.E0,-9.897433186108E-1,-1.428571428571E-1));
#2119=AXIS2_PLACEMENT_3D('',#2116,#2117,#2118);
#2121=DIRECTION('',(-1.E0,0.E0,0.E0));
#2122=VECTOR('',#2121,4.3E0);
#2123=CARTESIAN_POINT('',(7.72E0,-1.039230484541E0,1.5E-1));
#2124=LINE('',#2123,#2122);
#2125=DIRECTION('',(1.E0,0.E0,0.E0));
#2126=VECTOR('',#2125,4.3E0);
#2127=CARTESIAN_POINT('',(3.42E0,-1.5E-1,1.039230484541E0));
#2128=LINE('',#2127,#2126);
#2129=CARTESIAN_POINT('',(7.72E0,0.E0,1.133740562369E-14));
#2130=DIRECTION('',(-1.E0,0.E0,0.E0));
#2131=DIRECTION('',(0.E0,-1.428571428571E-1,9.897433186108E-1));
#2132=AXIS2_PLACEMENT_3D('',#2129,#2130,#2131);
#2134=CARTESIAN_POINT('',(3.42E0,0.E0,1.133740562369E-14));
#2135=DIRECTION('',(-1.E0,0.E0,0.E0));
#2136=DIRECTION('',(0.E0,-1.428571428571E-1,-9.897433186108E-1));
#2137=AXIS2_PLACEMENT_3D('',#2134,#2135,#2136);
#2139=DIRECTION('',(0.E0,0.E0,1.E0));
#2140=VECTOR('',#2139,1.688712270390E-1);
#2141=CARTESIAN_POINT('',(3.42E0,-1.5E-1,-1.039230484541E0));
#2142=LINE('',#2141,#2140);
#2143=CARTESIAN_POINT('',(3.42E0,0.E0,1.111659055988E-14));
#2144=DIRECTION('',(-1.E0,0.E0,0.E0));
#2145=DIRECTION('',(0.E0,-1.698388075527E-1,-9.854718562440E-1));
#2146=AXIS2_PLACEMENT_3D('',#2143,#2144,#2145);
#2148=DIRECTION('',(0.E0,-1.E0,0.E0));
#2149=VECTOR('',#2148,1.688712270390E-1);
#2150=CARTESIAN_POINT('',(3.42E0,-8.703592575023E-1,-1.5E-1));
#2151=LINE('',#2150,#2149);
#2152=CARTESIAN_POINT('',(3.42E0,0.E0,1.133740562369E-14));
#2153=DIRECTION('',(-1.E0,0.E0,0.E0));
#2154=DIRECTION('',(0.E0,-9.897433186108E-1,1.428571428571E-1));
#2155=AXIS2_PLACEMENT_3D('',#2152,#2153,#2154);
#2157=DIRECTION('',(0.E0,1.E0,0.E0));
#2158=VECTOR('',#2157,1.688712270390E-1);
#2159=CARTESIAN_POINT('',(3.42E0,-1.039230484541E0,1.5E-1));
#2160=LINE('',#2159,#2158);
#2161=CARTESIAN_POINT('',(3.42E0,0.E0,1.111659055988E-14));
#2162=DIRECTION('',(-1.E0,0.E0,0.E0));
#2163=DIRECTION('',(0.E0,-9.854718562440E-1,1.698388075527E-1));
#2164=AXIS2_PLACEMENT_3D('',#2161,#2162,#2163);
#2166=DIRECTION('',(0.E0,0.E0,1.E0));
#2167=VECTOR('',#2166,1.688712270390E-1);
#2168=CARTESIAN_POINT('',(3.42E0,-1.5E-1,8.703592575023E-1));
#2169=LINE('',#2168,#2167);
#2170=CARTESIAN_POINT('',(3.42E0,0.E0,1.133740562369E-14));
#2171=DIRECTION('',(1.E0,0.E0,0.E0));
#2172=DIRECTION('',(0.E0,1.428571428571E-1,-9.897433186108E-1));
#2173=AXIS2_PLACEMENT_3D('',#2170,#2171,#2172);
#2175=DIRECTION('',(0.E0,-1.E0,0.E0));
#2176=VECTOR('',#2175,1.688712270390E-1);
#2177=CARTESIAN_POINT('',(3.42E0,1.039230484541E0,-1.5E-1));
#2178=LINE('',#2177,#2176);
#2179=CARTESIAN_POINT('',(3.42E0,0.E0,0.E0));
#2180=DIRECTION('',(-1.E0,0.E0,0.E0));
#2181=DIRECTION('',(0.E0,9.854718562441E-1,-1.698388075526E-1));
#2182=AXIS2_PLACEMENT_3D('',#2179,#2180,#2181);
#2184=DIRECTION('',(0.E0,0.E0,-1.E0));
#2185=VECTOR('',#2184,1.688712270390E-1);
#2186=CARTESIAN_POINT('',(3.42E0,1.5E-1,-8.703592575023E-1));
#2187=LINE('',#2186,#2185);
#2188=CARTESIAN_POINT('',(3.42E0,0.E0,1.133740562369E-14));
#2189=DIRECTION('',(1.E0,0.E0,0.E0));
#2190=DIRECTION('',(0.E0,9.897433186108E-1,1.428571428571E-1));
#2191=AXIS2_PLACEMENT_3D('',#2188,#2189,#2190);
#2193=DIRECTION('',(0.E0,0.E0,-1.E0));
#2194=VECTOR('',#2193,1.688712270390E-1);
#2195=CARTESIAN_POINT('',(3.42E0,1.5E-1,1.039230484541E0));
#2196=LINE('',#2195,#2194);
#2197=CARTESIAN_POINT('',(3.42E0,0.E0,0.E0));
#2198=DIRECTION('',(-1.E0,0.E0,0.E0));
#2199=DIRECTION('',(0.E0,1.698388075527E-1,9.854718562440E-1));
#2200=AXIS2_PLACEMENT_3D('',#2197,#2198,#2199);
#2202=DIRECTION('',(0.E0,1.E0,0.E0));
#2203=VECTOR('',#2202,1.688712270390E-1);
#2204=CARTESIAN_POINT('',(3.42E0,8.703592575023E-1,1.5E-1));
#2205=LINE('',#2204,#2203);
#2206=CARTESIAN_POINT('',(7.72E0,0.E0,1.133740562369E-14));
#2207=DIRECTION('',(1.E0,0.E0,0.E0));
#2208=DIRECTION('',(0.E0,-2.112676056338E-1,-9.774282576280E-1));
#2209=AXIS2_PLACEMENT_3D('',#2206,#2207,#2208);
#2211=CARTESIAN_POINT('',(7.72E0,0.E0,1.133740562369E-14));
#2212=DIRECTION('',(1.E0,0.E0,0.E0));
#2213=DIRECTION('',(0.E0,0.E0,1.E0));
#2214=AXIS2_PLACEMENT_3D('',#2211,#2212,#2213);
#2216=DIRECTION('',(-1.E0,0.E0,0.E0));
#2217=VECTOR('',#2216,4.000020477408E0);
#2218=CARTESIAN_POINT('',(7.72E0,-1.5E-1,6.939740629159E-1));
#2219=LINE('',#2218,#2217);
#2220=CARTESIAN_POINT('',(3.719979522592E0,0.E0,1.133740562369E-14));
#2221=DIRECTION('',(-1.E0,0.E0,0.E0));
#2222=DIRECTION('',(0.E0,-9.774282576280E-1,2.112676056338E-1));
#2223=AXIS2_PLACEMENT_3D('',#2220,#2221,#2222);
#2225=DIRECTION('',(1.E0,0.E0,0.E0));
#2226=VECTOR('',#2225,4.000020477408E0);
#2227=CARTESIAN_POINT('',(3.719979522592E0,-6.939740629159E-1,1.5E-1));
#2228=LINE('',#2227,#2226);
#2229=CARTESIAN_POINT('',(7.72E0,0.E0,1.133740562369E-14));
#2230=DIRECTION('',(1.E0,0.E0,0.E0));
#2231=DIRECTION('',(0.E0,-9.774282576280E-1,2.112676056338E-1));
#2232=AXIS2_PLACEMENT_3D('',#2229,#2230,#2231);
#2234=DIRECTION('',(-1.E0,0.E0,0.E0));
#2235=VECTOR('',#2234,4.000020477408E0);
#2236=CARTESIAN_POINT('',(7.72E0,-6.939740629159E-1,-1.5E-1));
#2237=LINE('',#2236,#2235);
#2238=CARTESIAN_POINT('',(3.719979522592E0,0.E0,1.133740562369E-14));
#2239=DIRECTION('',(-1.E0,0.E0,0.E0));
#2240=DIRECTION('',(0.E0,-2.112676056338E-1,-9.774282576280E-1));
#2241=AXIS2_PLACEMENT_3D('',#2238,#2239,#2240);
#2243=DIRECTION('',(1.E0,0.E0,0.E0));
#2244=VECTOR('',#2243,4.000020477408E0);
#2245=CARTESIAN_POINT('',(3.719979522592E0,-1.5E-1,-6.939740629158E-1));
#2246=LINE('',#2245,#2244);
#2247=CARTESIAN_POINT('',(8.62E0,0.E0,1.133740562369E-14));
#2248=DIRECTION('',(-1.E0,0.E0,0.E0));
#2249=DIRECTION('',(0.E0,0.E0,-1.E0));
#2250=AXIS2_PLACEMENT_3D('',#2247,#2248,#2249);
#2252=CARTESIAN_POINT('',(1.681999856444E1,0.E0,1.133740562369E-14));
#2253=DIRECTION('',(-1.E0,0.E0,0.E0));
#2254=DIRECTION('',(0.E0,0.E0,1.E0));
#2255=AXIS2_PLACEMENT_3D('',#2252,#2253,#2254);
#2257=DIRECTION('',(-9.999999999998E-1,-4.343556716332E-11,5.497144289854E-7));
#2258=VECTOR('',#2257,4.717875794211E0);
#2259=CARTESIAN_POINT('',(1.681999740713E1,2.049235054565E-10,
4.749974065156E-1));
#2260=LINE('',#2259,#2258);
#2261=CARTESIAN_POINT('',(1.210212161292E1,0.E0,1.133740562369E-14));
#2262=DIRECTION('',(-1.E0,0.E0,0.E0));
#2263=DIRECTION('',(0.E0,0.E0,1.E0));
#2264=AXIS2_PLACEMENT_3D('',#2261,#2262,#2263);
#2266=DIRECTION('',(-9.999999999998E-1,4.343555380086E-11,-5.497144289737E-7));
#2267=VECTOR('',#2266,4.717875794211E0);
#2268=CARTESIAN_POINT('',(1.681999740713E1,-2.049235478852E-10,
-4.749974065156E-1));
#2269=LINE('',#2268,#2267);
#2270=CARTESIAN_POINT('',(9.399998949228E0,0.E0,1.133740562369E-14));
#2271=DIRECTION('',(1.E0,0.E0,0.E0));
#2272=DIRECTION('',(0.E0,0.E0,-1.E0));
#2273=AXIS2_PLACEMENT_3D('',#2270,#2271,#2272);
#2275=DIRECTION('',(-1.E0,0.E0,0.E0));
#2276=VECTOR('',#2275,1.68E0);
#2277=CARTESIAN_POINT('',(9.4E0,0.E0,1.05E0));
#2278=LINE('',#2277,#2276);
#2279=CARTESIAN_POINT('',(7.72E0,0.E0,1.133740562369E-14));
#2280=DIRECTION('',(-1.E0,0.E0,0.E0));
#2281=DIRECTION('',(0.E0,0.E0,1.E0));
#2282=AXIS2_PLACEMENT_3D('',#2279,#2280,#2281);
#2284=DIRECTION('',(-1.E0,0.E0,0.E0));
#2285=VECTOR('',#2284,4.3E0);
#2286=CARTESIAN_POINT('',(7.72E0,1.5E-1,1.039230484541E0));
#2287=LINE('',#2286,#2285);
#2288=DIRECTION('',(1.E0,0.E0,0.E0));
#2289=VECTOR('',#2288,4.3E0);
#2290=CARTESIAN_POINT('',(3.42E0,1.039230484541E0,1.5E-1));
#2291=LINE('',#2290,#2289);
#2292=CARTESIAN_POINT('',(7.72E0,0.E0,1.133740562369E-14));
#2293=DIRECTION('',(-1.E0,0.E0,0.E0));
#2294=DIRECTION('',(0.E0,9.897433186108E-1,1.428571428571E-1));
#2295=AXIS2_PLACEMENT_3D('',#2292,#2293,#2294);
#2297=DIRECTION('',(-1.E0,0.E0,0.E0));
#2298=VECTOR('',#2297,4.3E0);
#2299=CARTESIAN_POINT('',(7.72E0,1.039230484541E0,-1.5E-1));
#2300=LINE('',#2299,#2298);
#2301=DIRECTION('',(1.E0,0.E0,0.E0));
#2302=VECTOR('',#2301,4.3E0);
#2303=CARTESIAN_POINT('',(3.42E0,1.5E-1,-1.039230484541E0));
#2304=LINE('',#2303,#2302);
#2305=CARTESIAN_POINT('',(7.72E0,0.E0,1.133740562369E-14));
#2306=DIRECTION('',(-1.E0,0.E0,0.E0));
#2307=DIRECTION('',(0.E0,1.428571428571E-1,-9.897433186108E-1));
#2308=AXIS2_PLACEMENT_3D('',#2305,#2306,#2307);
#2310=DIRECTION('',(-1.E0,0.E0,0.E0));
#2311=VECTOR('',#2310,1.68E0);
#2312=CARTESIAN_POINT('',(9.4E0,0.E0,-1.05E0));
#2313=LINE('',#2312,#2311);
#2314=CARTESIAN_POINT('',(7.72E0,0.E0,1.133740562369E-14));
#2315=DIRECTION('',(1.E0,0.E0,0.E0));
#2316=DIRECTION('',(0.E0,2.112676056338E-1,9.774282576280E-1));
#2317=AXIS2_PLACEMENT_3D('',#2314,#2315,#2316);
#2319=DIRECTION('',(1.E0,0.E0,0.E0));
#2320=VECTOR('',#2319,9.E-1);
#2321=CARTESIAN_POINT('',(7.72E0,0.E0,7.1E-1));
#2322=LINE('',#2321,#2320);
#2323=DIRECTION('',(1.E0,0.E0,0.E0));
#2324=VECTOR('',#2323,9.E-1);
#2325=CARTESIAN_POINT('',(7.72E0,0.E0,-7.099999999999E-1));
#2326=LINE('',#2325,#2324);
#2327=CARTESIAN_POINT('',(7.72E0,0.E0,1.133740562369E-14));
#2328=DIRECTION('',(1.E0,0.E0,0.E0));
#2329=DIRECTION('',(0.E0,0.E0,-1.E0));
#2330=AXIS2_PLACEMENT_3D('',#2327,#2328,#2329);
#2332=DIRECTION('',(-1.E0,0.E0,0.E0));
#2333=VECTOR('',#2332,4.000020477408E0);
#2334=CARTESIAN_POINT('',(7.72E0,1.5E-1,-6.939740629158E-1));
#2335=LINE('',#2334,#2333);
#2336=CARTESIAN_POINT('',(3.719979522592E0,0.E0,1.133740562369E-14));
#2337=DIRECTION('',(-1.E0,0.E0,0.E0));
#2338=DIRECTION('',(0.E0,9.774282576280E-1,-2.112676056338E-1));
#2339=AXIS2_PLACEMENT_3D('',#2336,#2337,#2338);
#2341=DIRECTION('',(1.E0,0.E0,0.E0));
#2342=VECTOR('',#2341,4.000020477408E0);
#2343=CARTESIAN_POINT('',(3.719979522592E0,6.939740629159E-1,-1.5E-1));
#2344=LINE('',#2343,#2342);
#2345=CARTESIAN_POINT('',(7.72E0,0.E0,1.133740562369E-14));
#2346=DIRECTION('',(1.E0,0.E0,0.E0));
#2347=DIRECTION('',(0.E0,9.774282576280E-1,-2.112676056338E-1));
#2348=AXIS2_PLACEMENT_3D('',#2345,#2346,#2347);
#2350=DIRECTION('',(-1.E0,0.E0,0.E0));
#2351=VECTOR('',#2350,4.000020477408E0);
#2352=CARTESIAN_POINT('',(7.72E0,6.939740629159E-1,1.5E-1));
#2353=LINE('',#2352,#2351);
#2354=CARTESIAN_POINT('',(3.719979522592E0,0.E0,1.133740562369E-14));
#2355=DIRECTION('',(-1.E0,0.E0,0.E0));
#2356=DIRECTION('',(0.E0,2.112676056338E-1,9.774282576280E-1));
#2357=AXIS2_PLACEMENT_3D('',#2354,#2355,#2356);
#2359=DIRECTION('',(1.E0,0.E0,0.E0));
#2360=VECTOR('',#2359,4.000020477408E0);
#2361=CARTESIAN_POINT('',(3.719979522592E0,1.5E-1,6.939740629159E-1));
#2362=LINE('',#2361,#2360);
#2363=DIRECTION('',(5.E-1,0.E0,8.660254037844E-1));
#2364=VECTOR('',#2363,8.198373822492E-1);
#2365=CARTESIAN_POINT('',(8.62E0,0.E0,-7.099999999999E-1));
#2366=LINE('',#2365,#2364);
#2367=CARTESIAN_POINT('',(8.62E0,0.E0,1.133740562369E-14));
#2368=DIRECTION('',(1.E0,0.E0,0.E0));
#2369=DIRECTION('',(0.E0,0.E0,-1.E0));
#2370=AXIS2_PLACEMENT_3D('',#2367,#2368,#2369);
#2372=DIRECTION('',(5.E-1,0.E0,-8.660254037844E-1));
#2373=VECTOR('',#2372,8.198373822492E-1);
#2374=CARTESIAN_POINT('',(8.62E0,0.E0,7.1E-1));
#2375=LINE('',#2374,#2373);
#2376=CARTESIAN_POINT('',(3.42E0,-1.5E-1,-8.703592575023E-1));
#2377=CARTESIAN_POINT('',(3.454307751753E0,-1.5E-1,-8.502599926054E-1));
#2378=CARTESIAN_POINT('',(3.522278643208E0,-1.5E-1,-8.103990761545E-1));
#2379=CARTESIAN_POINT('',(3.622300413733E0,-1.5E-1,-7.516003897979E-1));
#2380=CARTESIAN_POINT('',(3.687644072590E0,-1.5E-1,-7.130737459424E-1));
#2381=CARTESIAN_POINT('',(3.719979522592E0,-1.5E-1,-6.939740629158E-1));
#2383=CARTESIAN_POINT('',(3.719979522592E0,-6.939740629159E-1,-1.5E-1));
#2384=CARTESIAN_POINT('',(3.687687429434E0,-7.130481362175E-1,-1.5E-1));
#2385=CARTESIAN_POINT('',(3.622401739319E0,-7.515407199330E-1,-1.5E-1));
#2386=CARTESIAN_POINT('',(3.522380675027E0,-8.103391951943E-1,-1.5E-1));
#2387=CARTESIAN_POINT('',(3.454351520887E0,-8.502343503707E-1,-1.5E-1));
#2388=CARTESIAN_POINT('',(3.42E0,-8.703592575023E-1,-1.5E-1));
#2390=CARTESIAN_POINT('',(3.42E0,-8.703592575023E-1,1.5E-1));
#2391=CARTESIAN_POINT('',(3.454307751753E0,-8.502599926054E-1,1.5E-1));
#2392=CARTESIAN_POINT('',(3.522278643208E0,-8.103990761545E-1,1.5E-1));
#2393=CARTESIAN_POINT('',(3.622300413733E0,-7.516003897979E-1,1.5E-1));
#2394=CARTESIAN_POINT('',(3.687644072590E0,-7.130737459424E-1,1.5E-1));
#2395=CARTESIAN_POINT('',(3.719979522592E0,-6.939740629159E-1,1.5E-1));
#2397=CARTESIAN_POINT('',(3.719979522592E0,-1.5E-1,6.939740629159E-1));
#2398=CARTESIAN_POINT('',(3.687687429434E0,-1.5E-1,7.130481362175E-1));
#2399=CARTESIAN_POINT('',(3.622401739319E0,-1.5E-1,7.515407199330E-1));
#2400=CARTESIAN_POINT('',(3.522380675027E0,-1.5E-1,8.103391951943E-1));
#2401=CARTESIAN_POINT('',(3.454351520887E0,-1.5E-1,8.502343503707E-1));
#2402=CARTESIAN_POINT('',(3.42E0,-1.5E-1,8.703592575023E-1));
#2404=CARTESIAN_POINT('',(3.42E0,1.5E-1,8.703592575023E-1));
#2405=CARTESIAN_POINT('',(3.454307751753E0,1.5E-1,8.502599926054E-1));
#2406=CARTESIAN_POINT('',(3.522278643208E0,1.5E-1,8.103990761545E-1));
#2407=CARTESIAN_POINT('',(3.622300413733E0,1.5E-1,7.516003897979E-1));
#2408=CARTESIAN_POINT('',(3.687644072590E0,1.5E-1,7.130737459424E-1));
#2409=CARTESIAN_POINT('',(3.719979522592E0,1.5E-1,6.939740629159E-1));
#2411=CARTESIAN_POINT('',(3.719979522592E0,6.939740629159E-1,1.5E-1));
#2412=CARTESIAN_POINT('',(3.687687429434E0,7.130481362175E-1,1.5E-1));
#2413=CARTESIAN_POINT('',(3.622401739319E0,7.515407199330E-1,1.5E-1));
#2414=CARTESIAN_POINT('',(3.522380675027E0,8.103391951943E-1,1.5E-1));
#2415=CARTESIAN_POINT('',(3.454351520887E0,8.502343503707E-1,1.5E-1));
#2416=CARTESIAN_POINT('',(3.42E0,8.703592575023E-1,1.5E-1));
#2418=CARTESIAN_POINT('',(3.42E0,8.703592575023E-1,-1.5E-1));
#2419=CARTESIAN_POINT('',(3.454307751753E0,8.502599926054E-1,-1.5E-1));
#2420=CARTESIAN_POINT('',(3.522278643208E0,8.103990761545E-1,-1.5E-1));
#2421=CARTESIAN_POINT('',(3.622300413733E0,7.516003897979E-1,-1.5E-1));
#2422=CARTESIAN_POINT('',(3.687644072590E0,7.130737459424E-1,-1.5E-1));
#2423=CARTESIAN_POINT('',(3.719979522592E0,6.939740629159E-1,-1.5E-1));
#2425=CARTESIAN_POINT('',(3.719979522592E0,1.5E-1,-6.939740629158E-1));
#2426=CARTESIAN_POINT('',(3.687687429434E0,1.5E-1,-7.130481362175E-1));
#2427=CARTESIAN_POINT('',(3.622401739319E0,1.5E-1,-7.515407199330E-1));
#2428=CARTESIAN_POINT('',(3.522380675027E0,1.5E-1,-8.103391951943E-1));
#2429=CARTESIAN_POINT('',(3.454351520887E0,1.5E-1,-8.502343503707E-1));
#2430=CARTESIAN_POINT('',(3.42E0,1.5E-1,-8.703592575023E-1));
#2432=DIRECTION('',(7.071088721920E-1,-1.652401948520E-10,-7.071046901749E-1));
#2433=VECTOR('',#2432,2.828427123770E-1);
#2434=CARTESIAN_POINT('',(1.681999740713E1,2.049235054565E-10,
4.749974065156E-1));
#2435=LINE('',#2434,#2433);
#2436=DIRECTION('',(7.071088721920E-1,1.652398912259E-10,7.071046901749E-1));
#2437=VECTOR('',#2436,2.828427123770E-1);
#2438=CARTESIAN_POINT('',(1.681999740713E1,-2.049235478852E-10,
-4.749974065156E-1));
#2439=LINE('',#2438,#2437);
#2440=CARTESIAN_POINT('',(8.62E0,0.E0,-7.099999999999E-1));
#2441=CARTESIAN_POINT('',(9.029918691125E0,0.E0,1.132427485118E-14));
#2442=VERTEX_POINT('',#2440);
#2443=VERTEX_POINT('',#2441);
#2444=CARTESIAN_POINT('',(8.62E0,0.E0,7.1E-1));
#2445=VERTEX_POINT('',#2444);
#2446=CARTESIAN_POINT('',(7.72E0,0.E0,-1.05E0));
#2447=CARTESIAN_POINT('',(7.72E0,-1.5E-1,-1.039230484541E0));
#2448=VERTEX_POINT('',#2446);
#2449=VERTEX_POINT('',#2447);
#2450=CARTESIAN_POINT('',(7.72E0,-1.039230484541E0,-1.5E-1));
#2451=CARTESIAN_POINT('',(7.72E0,-1.039230484541E0,1.5E-1));
#2452=VERTEX_POINT('',#2450);
#2453=VERTEX_POINT('',#2451);
#2454=CARTESIAN_POINT('',(7.72E0,-1.5E-1,1.039230484541E0));
#2455=CARTESIAN_POINT('',(7.72E0,0.E0,1.05E0));
#2456=VERTEX_POINT('',#2454);
#2457=VERTEX_POINT('',#2455);
#2458=CARTESIAN_POINT('',(3.42E0,-1.5E-1,-1.039230484541E0));
#2459=VERTEX_POINT('',#2458);
#2460=CARTESIAN_POINT('',(3.42E0,-1.039230484541E0,-1.5E-1));
#2461=VERTEX_POINT('',#2460);
#2462=CARTESIAN_POINT('',(3.42E0,-1.039230484541E0,1.5E-1));
#2463=VERTEX_POINT('',#2462);
#2464=CARTESIAN_POINT('',(3.42E0,-1.5E-1,1.039230484541E0));
#2465=VERTEX_POINT('',#2464);
#2466=CARTESIAN_POINT('',(7.72E0,0.E0,-7.099999999999E-1));
#2467=CARTESIAN_POINT('',(7.72E0,-1.5E-1,-6.939740629158E-1));
#2468=VERTEX_POINT('',#2466);
#2469=VERTEX_POINT('',#2467);
#2470=CARTESIAN_POINT('',(7.72E0,-6.939740629159E-1,-1.5E-1));
#2471=CARTESIAN_POINT('',(7.72E0,-6.939740629159E-1,1.5E-1));
#2472=VERTEX_POINT('',#2470);
#2473=VERTEX_POINT('',#2471);
#2474=CARTESIAN_POINT('',(7.72E0,-1.5E-1,6.939740629159E-1));
#2475=CARTESIAN_POINT('',(7.72E0,0.E0,7.1E-1));
#2476=VERTEX_POINT('',#2474);
#2477=VERTEX_POINT('',#2475);
#2478=CARTESIAN_POINT('',(3.719979522592E0,-1.5E-1,-6.939740629158E-1));
#2479=VERTEX_POINT('',#2478);
#2480=CARTESIAN_POINT('',(3.719979522592E0,-6.939740629159E-1,-1.5E-1));
#2481=VERTEX_POINT('',#2480);
#2482=CARTESIAN_POINT('',(3.719979522592E0,-6.939740629159E-1,1.5E-1));
#2483=VERTEX_POINT('',#2482);
#2484=CARTESIAN_POINT('',(3.719979522592E0,-1.5E-1,6.939740629159E-1));
#2485=VERTEX_POINT('',#2484);
#2486=CARTESIAN_POINT('',(7.72E0,1.5E-1,1.039230484541E0));
#2487=VERTEX_POINT('',#2486);
#2488=CARTESIAN_POINT('',(7.72E0,1.039230484541E0,1.5E-1));
#2489=CARTESIAN_POINT('',(7.72E0,1.039230484541E0,-1.5E-1));
#2490=VERTEX_POINT('',#2488);
#2491=VERTEX_POINT('',#2489);
#2492=CARTESIAN_POINT('',(7.72E0,1.5E-1,-1.039230484541E0));
#2493=VERTEX_POINT('',#2492);
#2494=CARTESIAN_POINT('',(3.42E0,1.5E-1,1.039230484541E0));
#2495=VERTEX_POINT('',#2494);
#2496=CARTESIAN_POINT('',(3.42E0,1.039230484541E0,1.5E-1));
#2497=VERTEX_POINT('',#2496);
#2498=CARTESIAN_POINT('',(3.42E0,1.039230484541E0,-1.5E-1));
#2499=VERTEX_POINT('',#2498);
#2500=CARTESIAN_POINT('',(3.42E0,1.5E-1,-1.039230484541E0));
#2501=VERTEX_POINT('',#2500);
#2502=CARTESIAN_POINT('',(7.72E0,1.5E-1,6.939740629159E-1));
#2503=VERTEX_POINT('',#2502);
#2504=CARTESIAN_POINT('',(7.72E0,6.939740629159E-1,1.5E-1));
#2505=CARTESIAN_POINT('',(7.72E0,6.939740629159E-1,-1.5E-1));
#2506=VERTEX_POINT('',#2504);
#2507=VERTEX_POINT('',#2505);
#2508=CARTESIAN_POINT('',(7.72E0,1.5E-1,-6.939740629158E-1));
#2509=VERTEX_POINT('',#2508);
#2510=CARTESIAN_POINT('',(3.719979522592E0,1.5E-1,6.939740629159E-1));
#2511=VERTEX_POINT('',#2510);
#2512=CARTESIAN_POINT('',(3.719979522592E0,6.939740629159E-1,1.5E-1));
#2513=VERTEX_POINT('',#2512);
#2514=CARTESIAN_POINT('',(3.719979522592E0,6.939740629159E-1,-1.5E-1));
#2515=VERTEX_POINT('',#2514);
#2516=CARTESIAN_POINT('',(3.719979522592E0,1.5E-1,-6.939740629158E-1));
#2517=VERTEX_POINT('',#2516);
#2518=VERTEX_POINT('',#2376);
#2519=VERTEX_POINT('',#2388);
#2520=VERTEX_POINT('',#2390);
#2521=VERTEX_POINT('',#2402);
#2522=VERTEX_POINT('',#2404);
#2523=VERTEX_POINT('',#2416);
#2524=VERTEX_POINT('',#2418);
#2525=VERTEX_POINT('',#2430);
#2526=CARTESIAN_POINT('',(1.210212161292E1,0.E0,-4.75E-1));
#2527=CARTESIAN_POINT('',(1.210212161292E1,0.E0,4.75E-1));
#2528=VERTEX_POINT('',#2526);
#2529=VERTEX_POINT('',#2527);
#2530=CARTESIAN_POINT('',(1.681999856444E1,0.E0,-4.75E-1));
#2531=CARTESIAN_POINT('',(1.681999856444E1,0.E0,4.75E-1));
#2532=VERTEX_POINT('',#2530);
#2533=VERTEX_POINT('',#2531);
#2534=CARTESIAN_POINT('',(1.701999741083E1,0.E0,-2.749965839263E-1));
#2535=CARTESIAN_POINT('',(1.701999741083E1,0.E0,2.749965839264E-1));
#2536=VERTEX_POINT('',#2534);
#2537=VERTEX_POINT('',#2535);
#2538=CARTESIAN_POINT('',(9.399998949228E0,0.E0,-1.05E0));
#2539=CARTESIAN_POINT('',(9.399998949228E0,0.E0,1.05E0));
#2540=VERTEX_POINT('',#2538);
#2541=VERTEX_POINT('',#2539);
#2542=CARTESIAN_POINT('',(1.702E1,0.E0,1.133740562369E-14));
#2543=DIRECTION('',(-1.E0,0.E0,0.E0));
#2544=DIRECTION('',(0.E0,0.E0,-1.E0));
#2545=AXIS2_PLACEMENT_3D('',#2542,#2543,#2544);
#2546=PLANE('',#2545);
#2548=ORIENTED_EDGE('',*,*,#2547,.T.);
#2550=ORIENTED_EDGE('',*,*,#2549,.T.);
#2551=EDGE_LOOP('',(#2548,#2550));
#2552=FACE_OUTER_BOUND('',#2551,.F.);
#2554=CARTESIAN_POINT('',(1.77E1,0.E0,1.133740562369E-14));
#2555=DIRECTION('',(-1.E0,0.E0,0.E0));
#2556=DIRECTION('',(0.E0,0.E0,-1.E0));
#2557=AXIS2_PLACEMENT_3D('',#2554,#2555,#2556);
#2558=CYLINDRICAL_SURFACE('',#2557,4.75E-1);
#2560=ORIENTED_EDGE('',*,*,#2559,.F.);
#2562=ORIENTED_EDGE('',*,*,#2561,.T.);
#2564=ORIENTED_EDGE('',*,*,#2563,.T.);
#2566=ORIENTED_EDGE('',*,*,#2565,.F.);
#2567=EDGE_LOOP('',(#2560,#2562,#2564,#2566));
#2568=FACE_OUTER_BOUND('',#2567,.F.);
#2570=CARTESIAN_POINT('',(1.77E1,0.E0,1.133740562369E-14));
#2571=DIRECTION('',(-1.E0,0.E0,0.E0));
#2572=DIRECTION('',(0.E0,0.E0,-1.E0));
#2573=AXIS2_PLACEMENT_3D('',#2570,#2571,#2572);
#2574=CYLINDRICAL_SURFACE('',#2573,1.05E0);
#2576=ORIENTED_EDGE('',*,*,#2575,.T.);
#2578=ORIENTED_EDGE('',*,*,#2577,.T.);
#2580=ORIENTED_EDGE('',*,*,#2579,.T.);
#2582=ORIENTED_EDGE('',*,*,#2581,.T.);
#2584=ORIENTED_EDGE('',*,*,#2583,.T.);
#2586=ORIENTED_EDGE('',*,*,#2585,.T.);
#2588=ORIENTED_EDGE('',*,*,#2587,.T.);
#2590=ORIENTED_EDGE('',*,*,#2589,.T.);
#2592=ORIENTED_EDGE('',*,*,#2591,.T.);
#2594=ORIENTED_EDGE('',*,*,#2593,.T.);
#2596=ORIENTED_EDGE('',*,*,#2595,.T.);
#2598=ORIENTED_EDGE('',*,*,#2597,.F.);
#2599=EDGE_LOOP('',(#2576,#2578,#2580,#2582,#2584,#2586,#2588,#2590,#2592,#2594,
#2596,#2598));
#2600=FACE_OUTER_BOUND('',#2599,.F.);
#2602=CARTESIAN_POINT('',(3.42E0,0.E0,1.133740562369E-14));
#2603=DIRECTION('',(-1.E0,0.E0,0.E0));
#2604=DIRECTION('',(0.E0,0.E0,-1.E0));
#2605=AXIS2_PLACEMENT_3D('',#2602,#2603,#2604);
#2606=PLANE('',#2605);
#2607=ORIENTED_EDGE('',*,*,#2583,.F.);
#2609=ORIENTED_EDGE('',*,*,#2608,.T.);
#2611=ORIENTED_EDGE('',*,*,#2610,.T.);
#2613=ORIENTED_EDGE('',*,*,#2612,.T.);
#2614=EDGE_LOOP('',(#2607,#2609,#2611,#2613));
#2615=FACE_OUTER_BOUND('',#2614,.F.);
#2617=CARTESIAN_POINT('',(3.42E0,0.E0,1.133740562369E-14));
#2618=DIRECTION('',(-1.E0,0.E0,0.E0));
#2619=DIRECTION('',(0.E0,0.E0,-1.E0));
#2620=AXIS2_PLACEMENT_3D('',#2617,#2618,#2619);
#2621=PLANE('',#2620);
#2622=ORIENTED_EDGE('',*,*,#2591,.F.);
#2624=ORIENTED_EDGE('',*,*,#2623,.T.);
#2626=ORIENTED_EDGE('',*,*,#2625,.T.);
#2628=ORIENTED_EDGE('',*,*,#2627,.T.);
#2629=EDGE_LOOP('',(#2622,#2624,#2626,#2628));
#2630=FACE_OUTER_BOUND('',#2629,.F.);
#2632=CARTESIAN_POINT('',(3.42E0,0.E0,1.133740562369E-14));
#2633=DIRECTION('',(-1.E0,0.E0,0.E0));
#2634=DIRECTION('',(0.E0,0.E0,-1.E0));
#2635=AXIS2_PLACEMENT_3D('',#2632,#2633,#2634);
#2636=PLANE('',#2635);
#2638=ORIENTED_EDGE('',*,*,#2637,.T.);
#2640=ORIENTED_EDGE('',*,*,#2639,.T.);
#2642=ORIENTED_EDGE('',*,*,#2641,.T.);
#2644=ORIENTED_EDGE('',*,*,#2643,.T.);
#2645=EDGE_LOOP('',(#2638,#2640,#2642,#2644));
#2646=FACE_OUTER_BOUND('',#2645,.F.);
#2648=CARTESIAN_POINT('',(3.42E0,0.E0,1.133740562369E-14));
#2649=DIRECTION('',(-1.E0,0.E0,0.E0));
#2650=DIRECTION('',(0.E0,0.E0,-1.E0));
#2651=AXIS2_PLACEMENT_3D('',#2648,#2649,#2650);
#2652=PLANE('',#2651);
#2654=ORIENTED_EDGE('',*,*,#2653,.T.);
#2656=ORIENTED_EDGE('',*,*,#2655,.T.);
#2658=ORIENTED_EDGE('',*,*,#2657,.T.);
#2660=ORIENTED_EDGE('',*,*,#2659,.T.);
#2661=EDGE_LOOP('',(#2654,#2656,#2658,#2660));
#2662=FACE_OUTER_BOUND('',#2661,.F.);
#2664=CARTESIAN_POINT('',(1.77E1,0.E0,1.133740562369E-14));
#2665=DIRECTION('',(-1.E0,0.E0,0.E0));
#2666=DIRECTION('',(0.E0,0.E0,-1.E0));
#2667=AXIS2_PLACEMENT_3D('',#2664,#2665,#2666);
#2668=CYLINDRICAL_SURFACE('',#2667,7.1E-1);
#2670=ORIENTED_EDGE('',*,*,#2669,.T.);
#2672=ORIENTED_EDGE('',*,*,#2671,.T.);
#2674=ORIENTED_EDGE('',*,*,#2673,.T.);
#2676=ORIENTED_EDGE('',*,*,#2675,.F.);
#2678=ORIENTED_EDGE('',*,*,#2677,.T.);
#2680=ORIENTED_EDGE('',*,*,#2679,.T.);
#2682=ORIENTED_EDGE('',*,*,#2681,.F.);
#2684=ORIENTED_EDGE('',*,*,#2683,.T.);
#2686=ORIENTED_EDGE('',*,*,#2685,.T.);
#2688=ORIENTED_EDGE('',*,*,#2687,.T.);
#2690=ORIENTED_EDGE('',*,*,#2689,.F.);
#2692=ORIENTED_EDGE('',*,*,#2691,.T.);
#2693=EDGE_LOOP('',(#2670,#2672,#2674,#2676,#2678,#2680,#2682,#2684,#2686,#2688,
#2690,#2692));
#2694=FACE_OUTER_BOUND('',#2693,.F.);
#2696=CARTESIAN_POINT('',(8.820860158651E0,0.E0,1.133740562369E-14));
#2697=DIRECTION('',(-1.E0,0.E0,0.E0));
#2698=DIRECTION('',(0.E0,0.E0,-1.E0));
#2699=AXIS2_PLACEMENT_3D('',#2696,#2697,#2698);
#2700=CONICAL_SURFACE('',#2699,3.621E-1,6.E1);
#2702=ORIENTED_EDGE('',*,*,#2701,.T.);
#2704=ORIENTED_EDGE('',*,*,#2703,.F.);
#2705=ORIENTED_EDGE('',*,*,#2673,.F.);
#2706=EDGE_LOOP('',(#2702,#2704,#2705));
#2707=FACE_OUTER_BOUND('',#2706,.F.);
#2709=CARTESIAN_POINT('',(1.77E1,0.E0,1.133740562369E-14));
#2710=DIRECTION('',(-1.E0,0.E0,0.E0));
#2711=DIRECTION('',(0.E0,0.E0,-1.E0));
#2712=AXIS2_PLACEMENT_3D('',#2709,#2710,#2711);
#2713=CYLINDRICAL_SURFACE('',#2712,4.75E-1);
#2715=ORIENTED_EDGE('',*,*,#2714,.F.);
#2716=ORIENTED_EDGE('',*,*,#2565,.T.);
#2718=ORIENTED_EDGE('',*,*,#2717,.T.);
#2719=ORIENTED_EDGE('',*,*,#2561,.F.);
#2720=EDGE_LOOP('',(#2715,#2716,#2718,#2719));
#2721=FACE_OUTER_BOUND('',#2720,.F.);
#2723=CARTESIAN_POINT('',(1.77E1,0.E0,1.133740562369E-14));
#2724=DIRECTION('',(-1.E0,0.E0,0.E0));
#2725=DIRECTION('',(0.E0,0.E0,-1.E0));
#2726=AXIS2_PLACEMENT_3D('',#2723,#2724,#2725);
#2727=CYLINDRICAL_SURFACE('',#2726,1.05E0);
#2729=ORIENTED_EDGE('',*,*,#2728,.T.);
#2730=ORIENTED_EDGE('',*,*,#2597,.T.);
#2732=ORIENTED_EDGE('',*,*,#2731,.T.);
#2734=ORIENTED_EDGE('',*,*,#2733,.T.);
#2735=ORIENTED_EDGE('',*,*,#2653,.F.);
#2737=ORIENTED_EDGE('',*,*,#2736,.T.);
#2739=ORIENTED_EDGE('',*,*,#2738,.T.);
#2741=ORIENTED_EDGE('',*,*,#2740,.T.);
#2742=ORIENTED_EDGE('',*,*,#2637,.F.);
#2744=ORIENTED_EDGE('',*,*,#2743,.T.);
#2746=ORIENTED_EDGE('',*,*,#2745,.T.);
#2747=ORIENTED_EDGE('',*,*,#2577,.F.);
#2748=EDGE_LOOP('',(#2729,#2730,#2732,#2734,#2735,#2737,#2739,#2741,#2742,#2744,
#2746,#2747));
#2749=FACE_OUTER_BOUND('',#2748,.F.);
#2751=CARTESIAN_POINT('',(1.77E1,0.E0,1.133740562369E-14));
#2752=DIRECTION('',(-1.E0,0.E0,0.E0));
#2753=DIRECTION('',(0.E0,0.E0,-1.E0));
#2754=AXIS2_PLACEMENT_3D('',#2751,#2752,#2753);
#2755=CYLINDRICAL_SURFACE('',#2754,7.1E-1);
#2757=ORIENTED_EDGE('',*,*,#2756,.T.);
#2758=ORIENTED_EDGE('',*,*,#2675,.T.);
#2760=ORIENTED_EDGE('',*,*,#2759,.F.);
#2761=ORIENTED_EDGE('',*,*,#2671,.F.);
#2763=ORIENTED_EDGE('',*,*,#2762,.T.);
#2765=ORIENTED_EDGE('',*,*,#2764,.T.);
#2767=ORIENTED_EDGE('',*,*,#2766,.F.);
#2769=ORIENTED_EDGE('',*,*,#2768,.T.);
#2771=ORIENTED_EDGE('',*,*,#2770,.T.);
#2773=ORIENTED_EDGE('',*,*,#2772,.T.);
#2775=ORIENTED_EDGE('',*,*,#2774,.F.);
#2777=ORIENTED_EDGE('',*,*,#2776,.T.);
#2778=EDGE_LOOP('',(#2757,#2758,#2760,#2761,#2763,#2765,#2767,#2769,#2771,#2773,
#2775,#2777));
#2779=FACE_OUTER_BOUND('',#2778,.F.);
#2781=CARTESIAN_POINT('',(8.820860158651E0,0.E0,1.133740562369E-14));
#2782=DIRECTION('',(-1.E0,0.E0,0.E0));
#2783=DIRECTION('',(0.E0,0.E0,-1.E0));
#2784=AXIS2_PLACEMENT_3D('',#2781,#2782,#2783);
#2785=CONICAL_SURFACE('',#2784,3.621E-1,6.E1);
#2786=ORIENTED_EDGE('',*,*,#2701,.F.);
#2787=ORIENTED_EDGE('',*,*,#2759,.T.);
#2788=ORIENTED_EDGE('',*,*,#2703,.T.);
#2789=EDGE_LOOP('',(#2786,#2787,#2788));
#2790=FACE_OUTER_BOUND('',#2789,.F.);
#2792=CARTESIAN_POINT('',(3.569989761296E0,0.E0,1.111659055988E-14));
#2793=DIRECTION('',(-1.E0,0.E0,0.E0));
#2794=DIRECTION('',(0.E0,0.E0,-1.E0));
#2795=AXIS2_PLACEMENT_3D('',#2792,#2793,#2794);
#2796=CONICAL_SURFACE('',#2795,7.965951871114E-1,2.999958688226E1);
#2798=ORIENTED_EDGE('',*,*,#2797,.T.);
#2799=ORIENTED_EDGE('',*,*,#2689,.T.);
#2801=ORIENTED_EDGE('',*,*,#2800,.T.);
#2802=ORIENTED_EDGE('',*,*,#2610,.F.);
#2803=EDGE_LOOP('',(#2798,#2799,#2801,#2802));
#2804=FACE_OUTER_BOUND('',#2803,.F.);
#2806=CARTESIAN_POINT('',(3.569989761296E0,0.E0,1.111659055988E-14));
#2807=DIRECTION('',(-1.E0,0.E0,0.E0));
#2808=DIRECTION('',(0.E0,0.E0,-1.E0));
#2809=AXIS2_PLACEMENT_3D('',#2806,#2807,#2808);
#2810=CONICAL_SURFACE('',#2809,7.965951871114E-1,2.999958688226E1);
#2812=ORIENTED_EDGE('',*,*,#2811,.T.);
#2813=ORIENTED_EDGE('',*,*,#2681,.T.);
#2815=ORIENTED_EDGE('',*,*,#2814,.T.);
#2816=ORIENTED_EDGE('',*,*,#2625,.F.);
#2817=EDGE_LOOP('',(#2812,#2813,#2815,#2816));
#2818=FACE_OUTER_BOUND('',#2817,.F.);
#2820=CARTESIAN_POINT('',(3.569989761296E0,0.E0,0.E0));
#2821=DIRECTION('',(-1.E0,0.E0,0.E0));
#2822=DIRECTION('',(0.E0,0.E0,-1.E0));
#2823=AXIS2_PLACEMENT_3D('',#2820,#2821,#2822);
#2824=CONICAL_SURFACE('',#2823,7.965951871114E-1,2.999958688226E1);
#2826=ORIENTED_EDGE('',*,*,#2825,.T.);
#2827=ORIENTED_EDGE('',*,*,#2774,.T.);
#2829=ORIENTED_EDGE('',*,*,#2828,.T.);
#2830=ORIENTED_EDGE('',*,*,#2657,.F.);
#2831=EDGE_LOOP('',(#2826,#2827,#2829,#2830));
#2832=FACE_OUTER_BOUND('',#2831,.F.);
#2834=CARTESIAN_POINT('',(3.569989761296E0,0.E0,0.E0));
#2835=DIRECTION('',(-1.E0,0.E0,0.E0));
#2836=DIRECTION('',(0.E0,0.E0,-1.E0));
#2837=AXIS2_PLACEMENT_3D('',#2834,#2835,#2836);
#2838=CONICAL_SURFACE('',#2837,7.965951871114E-1,2.999958688226E1);
#2840=ORIENTED_EDGE('',*,*,#2839,.T.);
#2841=ORIENTED_EDGE('',*,*,#2766,.T.);
#2843=ORIENTED_EDGE('',*,*,#2842,.T.);
#2844=ORIENTED_EDGE('',*,*,#2641,.F.);
#2845=EDGE_LOOP('',(#2840,#2841,#2843,#2844));
#2846=FACE_OUTER_BOUND('',#2845,.F.);
#2848=CARTESIAN_POINT('',(1.691999501422E1,0.E0,1.132562983284E-14));
#2849=DIRECTION('',(-1.E0,0.E0,0.E0));
#2850=DIRECTION('',(0.E0,0.E0,-1.E0));
#2851=AXIS2_PLACEMENT_3D('',#2848,#2849,#2850);
#2852=CONICAL_SURFACE('',#2851,3.749967967787E-1,4.499937440779E1);
#2853=ORIENTED_EDGE('',*,*,#2714,.T.);
#2855=ORIENTED_EDGE('',*,*,#2854,.T.);
#2856=ORIENTED_EDGE('',*,*,#2549,.F.);
#2858=ORIENTED_EDGE('',*,*,#2857,.F.);
#2859=EDGE_LOOP('',(#2853,#2855,#2856,#2858));
#2860=FACE_OUTER_BOUND('',#2859,.F.);
#2862=CARTESIAN_POINT('',(1.691999501422E1,0.E0,1.129787425723E-14));
#2863=DIRECTION('',(-1.E0,0.E0,0.E0));
#2864=DIRECTION('',(0.E0,0.E0,-1.E0));
#2865=AXIS2_PLACEMENT_3D('',#2862,#2863,#2864);
#2866=CONICAL_SURFACE('',#2865,3.749967967787E-1,4.499937440779E1);
#2867=ORIENTED_EDGE('',*,*,#2559,.T.);
#2868=ORIENTED_EDGE('',*,*,#2857,.T.);
#2869=ORIENTED_EDGE('',*,*,#2547,.F.);
#2870=ORIENTED_EDGE('',*,*,#2854,.F.);
#2871=EDGE_LOOP('',(#2867,#2868,#2869,#2870));
#2872=FACE_OUTER_BOUND('',#2871,.F.);
#2874=OPEN_SHELL('',(#2553,#2569,#2601,#2616,#2631,#2647,#2663,#2695,#2708,
#2722,#2750,#2780,#2791,#2805,#2819,#2833,#2847,#2861,#2873));
#2875=CARTESIAN_POINT('',(8.460000109216E0,1.199041478898E-14,
1.432187701766E-14));
#2876=DIRECTION('',(-1.E0,0.E0,0.E0));
#2877=DIRECTION('',(0.E0,-1.E0,0.E0));
#2878=AXIS2_PLACEMENT_3D('',#2875,#2876,#2877);
#2880=CARTESIAN_POINT('',(8.460000109216E0,0.E0,0.E0));
#2881=DIRECTION('',(-1.E0,0.E0,0.E0));
#2882=DIRECTION('',(0.E0,1.E0,0.E0));
#2883=AXIS2_PLACEMENT_3D('',#2880,#2881,#2882);
#2885=CARTESIAN_POINT('',(8.460000630596E0,0.E0,0.E0));
#2886=DIRECTION('',(1.E0,0.E0,0.E0));
#2887=DIRECTION('',(0.E0,1.E0,0.E0));
#2888=AXIS2_PLACEMENT_3D('',#2885,#2886,#2887);
#2890=CARTESIAN_POINT('',(8.460000630596E0,-1.132426872814E-14,0.E0));
#2891=DIRECTION('',(1.E0,0.E0,0.E0));
#2892=DIRECTION('',(0.E0,-1.E0,0.E0));
#2893=AXIS2_PLACEMENT_3D('',#2890,#2891,#2892);
#2895=CARTESIAN_POINT('',(8.633205660158E0,0.E0,0.E0));
#2896=DIRECTION('',(1.E0,0.E0,0.E0));
#2897=DIRECTION('',(0.E0,1.E0,-2.755109585321E-9));
#2898=AXIS2_PLACEMENT_3D('',#2895,#2896,#2897);
#2900=DIRECTION('',(8.660258529079E-1,-4.999992220945E-1,2.205034722826E-9));
#2901=VECTOR('',#2900,1.999999999898E-1);
#2902=CARTESIAN_POINT('',(8.460000166646E0,-3.849999711322E0,
8.182537506932E-10));
#2903=LINE('',#2902,#2901);
#2904=CARTESIAN_POINT('',(8.633205660158E0,0.E0,0.E0));
#2905=DIRECTION('',(1.E0,0.E0,0.E0));
#2906=DIRECTION('',(0.E0,-1.E0,2.755109578494E-9));
#2907=AXIS2_PLACEMENT_3D('',#2904,#2905,#2906);
#2909=DIRECTION('',(8.660258529079E-1,4.999992220945E-1,-2.205035695025E-9));
#2910=VECTOR('',#2909,1.999999999898E-1);
#2911=CARTESIAN_POINT('',(8.460000166646E0,3.849999711322E0,
-8.182530455493E-10));
#2912=LINE('',#2911,#2910);
#2913=DIRECTION('',(7.071062839455E-1,-7.071072784272E-1,1.908856582520E-9));
#2914=VECTOR('',#2913,1.414213562256E-1);
#2915=CARTESIAN_POINT('',(8.460000257202E0,3.200000257142E0,
-9.872554746777E-10));
#2916=LINE('',#2915,#2914);
#2917=DIRECTION('',(7.071062839455E-1,7.071072784272E-1,-1.908853785991E-9));
#2918=VECTOR('',#2917,1.414213562256E-1);
#2919=CARTESIAN_POINT('',(8.460000257202E0,-3.200000257142E0,
9.872545024110E-10));
#2920=LINE('',#2919,#2918);
#2921=CARTESIAN_POINT('',(8.559999524175E0,0.E0,0.E0));
#2922=DIRECTION('',(1.E0,0.E0,0.E0));
#2923=DIRECTION('',(0.E0,-1.E0,0.E0));
#2924=AXIS2_PLACEMENT_3D('',#2921,#2922,#2923);
#2926=CARTESIAN_POINT('',(9.160000475825E0,0.E0,0.E0));
#2927=DIRECTION('',(-1.E0,0.E0,0.E0));
#2928=DIRECTION('',(0.E0,1.E0,0.E0));
#2929=AXIS2_PLACEMENT_3D('',#2926,#2927,#2928);
#2931=DIRECTION('',(-1.E0,0.E0,0.E0));
#2932=VECTOR('',#2931,5.999996262527E-1);
#2933=CARTESIAN_POINT('',(9.159999813126E0,-3.100000186829E0,
7.173020776132E-10));
#2934=LINE('',#2933,#2932);
#2935=CARTESIAN_POINT('',(8.559999524175E0,0.E0,0.E0));
#2936=DIRECTION('',(1.E0,0.E0,0.E0));
#2937=DIRECTION('',(0.E0,1.E0,0.E0));
#2938=AXIS2_PLACEMENT_3D('',#2935,#2936,#2937);
#2940=CARTESIAN_POINT('',(9.160000475825E0,0.E0,0.E0));
#2941=DIRECTION('',(-1.E0,0.E0,0.E0));
#2942=DIRECTION('',(0.E0,-1.E0,0.E0));
#2943=AXIS2_PLACEMENT_3D('',#2940,#2941,#2942);
#2945=DIRECTION('',(-1.E0,0.E0,0.E0));
#2946=VECTOR('',#2945,5.999996262527E-1);
#2947=CARTESIAN_POINT('',(9.159999813126E0,3.100000186829E0,
-7.173010889767E-10));
#2948=LINE('',#2947,#2946);
#2949=CARTESIAN_POINT('',(9.259999369404E0,0.E0,0.E0));
#2950=DIRECTION('',(-1.E0,0.E0,0.E0));
#2951=DIRECTION('',(0.E0,-1.E0,-3.374562024431E-9));
#2952=AXIS2_PLACEMENT_3D('',#2949,#2950,#2951);
#2954=DIRECTION('',(-7.071053747039E-1,7.071081876664E-1,-5.399323249917E-9));
#2955=VECTOR('',#2954,1.414213562043E-1);
#2956=CARTESIAN_POINT('',(9.259999614196E0,-3.200000385712E0,
1.480881694202E-9));
#2957=LINE('',#2956,#2955);
#2958=CARTESIAN_POINT('',(9.259999369404E0,-1.931787450545E-14,0.E0));
#2959=DIRECTION('',(-1.E0,0.E0,0.E0));
#2960=DIRECTION('',(0.E0,1.E0,3.374561013788E-9));
#2961=AXIS2_PLACEMENT_3D('',#2958,#2959,#2960);
#2963=DIRECTION('',(-7.071053747039E-1,-7.071081876664E-1,5.399320427556E-9));
#2964=VECTOR('',#2963,1.414213562043E-1);
#2965=CARTESIAN_POINT('',(9.259999614196E0,3.200000385712E0,
-1.480880306423E-9));
#2966=LINE('',#2965,#2964);
#2967=CARTESIAN_POINT('',(8.460000109216E0,-3.849999485719E0,0.E0));
#2968=CARTESIAN_POINT('',(8.460000109216E0,3.849999485719E0,0.E0));
#2969=VERTEX_POINT('',#2967);
#2970=VERTEX_POINT('',#2968);
#2971=CARTESIAN_POINT('',(8.633205660158E0,-3.95E0,-8.364162482459E-9));
#2972=CARTESIAN_POINT('',(8.633205660158E0,3.95E0,-1.088268286202E-8));
#2973=VERTEX_POINT('',#2971);
#2974=VERTEX_POINT('',#2972);
#2975=CARTESIAN_POINT('',(8.460000630596E0,3.200000140920E0,0.E0));
#2976=CARTESIAN_POINT('',(8.460000630596E0,-3.200000140920E0,0.E0));
#2977=VERTEX_POINT('',#2975);
#2978=VERTEX_POINT('',#2976);
#2979=CARTESIAN_POINT('',(8.559999524175E0,3.1E0,0.E0));
#2980=CARTESIAN_POINT('',(8.559999524175E0,-3.1E0,0.E0));
#2981=VERTEX_POINT('',#2979);
#2982=VERTEX_POINT('',#2980);
#2983=CARTESIAN_POINT('',(9.259999369404E0,-3.200000140920E0,
-1.079859384670E-8));
#2984=CARTESIAN_POINT('',(9.259999369404E0,3.200000140920E0,
-1.376035274208E-8));
#2985=VERTEX_POINT('',#2983);
#2986=VERTEX_POINT('',#2984);
#2987=CARTESIAN_POINT('',(9.160000475825E0,-3.1E0,0.E0));
#2988=CARTESIAN_POINT('',(9.160000475825E0,3.1E0,0.E0));
#2989=VERTEX_POINT('',#2987);
#2990=VERTEX_POINT('',#2988);
#2991=CARTESIAN_POINT('',(8.46E0,0.E0,0.E0));
#2992=DIRECTION('',(-1.E0,0.E0,0.E0));
#2993=DIRECTION('',(0.E0,1.E0,0.E0));
#2994=AXIS2_PLACEMENT_3D('',#2991,#2992,#2993);
#2995=PLANE('',#2994);
#2997=ORIENTED_EDGE('',*,*,#2996,.F.);
#2999=ORIENTED_EDGE('',*,*,#2998,.F.);
#3000=EDGE_LOOP('',(#2997,#2999));
#3001=FACE_OUTER_BOUND('',#3000,.F.);
#3003=ORIENTED_EDGE('',*,*,#3002,.F.);
#3005=ORIENTED_EDGE('',*,*,#3004,.F.);
#3006=EDGE_LOOP('',(#3003,#3005));
#3007=FACE_BOUND('',#3006,.F.);
#3009=CARTESIAN_POINT('',(8.546605025667E0,1.199041478898E-14,
1.432187701766E-14));
#3010=DIRECTION('',(1.E0,0.E0,0.E0));
#3011=DIRECTION('',(0.E0,0.E0,-1.E0));
#3012=AXIS2_PLACEMENT_3D('',#3009,#3010,#3011);
#3013=CONICAL_SURFACE('',#3012,3.900000850047E0,2.999999627958E1);
#3014=ORIENTED_EDGE('',*,*,#2996,.T.);
#3016=ORIENTED_EDGE('',*,*,#3015,.T.);
#3018=ORIENTED_EDGE('',*,*,#3017,.T.);
#3020=ORIENTED_EDGE('',*,*,#3019,.F.);
#3021=EDGE_LOOP('',(#3014,#3016,#3018,#3020));
#3022=FACE_OUTER_BOUND('',#3021,.F.);
#3024=CARTESIAN_POINT('',(8.546605025667E0,0.E0,0.E0));
#3025=DIRECTION('',(1.E0,0.E0,0.E0));
#3026=DIRECTION('',(0.E0,0.E0,-1.E0));
#3027=AXIS2_PLACEMENT_3D('',#3024,#3025,#3026);
#3028=CONICAL_SURFACE('',#3027,3.900000850047E0,2.999999627958E1);
#3029=ORIENTED_EDGE('',*,*,#2998,.T.);
#3030=ORIENTED_EDGE('',*,*,#3019,.T.);
#3032=ORIENTED_EDGE('',*,*,#3031,.T.);
#3033=ORIENTED_EDGE('',*,*,#3015,.F.);
#3034=EDGE_LOOP('',(#3029,#3030,#3032,#3033));
#3035=FACE_OUTER_BOUND('',#3034,.F.);
#3037=CARTESIAN_POINT('',(8.510000363887E0,0.E0,0.E0));
#3038=DIRECTION('',(-1.E0,0.E0,0.E0));
#3039=DIRECTION('',(0.E0,0.E0,-1.E0));
#3040=AXIS2_PLACEMENT_3D('',#3037,#3038,#3039);
#3041=CONICAL_SURFACE('',#3040,3.150000395574E0,4.500000690697E1);
#3042=ORIENTED_EDGE('',*,*,#3002,.T.);
#3044=ORIENTED_EDGE('',*,*,#3043,.T.);
#3046=ORIENTED_EDGE('',*,*,#3045,.F.);
#3048=ORIENTED_EDGE('',*,*,#3047,.F.);
#3049=EDGE_LOOP('',(#3042,#3044,#3046,#3048));
#3050=FACE_OUTER_BOUND('',#3049,.F.);
#3052=CARTESIAN_POINT('',(8.510000363887E0,-1.132426872814E-14,0.E0));
#3053=DIRECTION('',(-1.E0,0.E0,0.E0));
#3054=DIRECTION('',(0.E0,0.E0,-1.E0));
#3055=AXIS2_PLACEMENT_3D('',#3052,#3053,#3054);
#3056=CONICAL_SURFACE('',#3055,3.150000395574E0,4.500000690697E1);
#3057=ORIENTED_EDGE('',*,*,#3004,.T.);
#3058=ORIENTED_EDGE('',*,*,#3047,.T.);
#3060=ORIENTED_EDGE('',*,*,#3059,.F.);
#3061=ORIENTED_EDGE('',*,*,#3043,.F.);
#3062=EDGE_LOOP('',(#3057,#3058,#3060,#3061));
#3063=FACE_OUTER_BOUND('',#3062,.F.);
#3065=CARTESIAN_POINT('',(9.26E0,0.E0,0.E0));
#3066=DIRECTION('',(-1.E0,0.E0,0.E0));
#3067=DIRECTION('',(0.E0,1.E0,0.E0));
#3068=AXIS2_PLACEMENT_3D('',#3065,#3066,#3067);
#3069=CYLINDRICAL_SURFACE('',#3068,3.1E0);
#3070=ORIENTED_EDGE('',*,*,#3059,.T.);
#3072=ORIENTED_EDGE('',*,*,#3071,.F.);
#3074=ORIENTED_EDGE('',*,*,#3073,.T.);
#3076=ORIENTED_EDGE('',*,*,#3075,.T.);
#3077=EDGE_LOOP('',(#3070,#3072,#3074,#3076));
#3078=FACE_OUTER_BOUND('',#3077,.F.);
#3080=CARTESIAN_POINT('',(9.26E0,0.E0,0.E0));
#3081=DIRECTION('',(-1.E0,0.E0,0.E0));
#3082=DIRECTION('',(0.E0,1.E0,0.E0));
#3083=AXIS2_PLACEMENT_3D('',#3080,#3081,#3082);
#3084=CYLINDRICAL_SURFACE('',#3083,3.1E0);
#3085=ORIENTED_EDGE('',*,*,#3045,.T.);
#3086=ORIENTED_EDGE('',*,*,#3075,.F.);
#3088=ORIENTED_EDGE('',*,*,#3087,.T.);
#3089=ORIENTED_EDGE('',*,*,#3071,.T.);
#3090=EDGE_LOOP('',(#3085,#3086,#3088,#3089));
#3091=FACE_OUTER_BOUND('',#3090,.F.);
#3093=CARTESIAN_POINT('',(9.209999636113E0,0.E0,0.E0));
#3094=DIRECTION('',(1.E0,0.E0,0.E0));
#3095=DIRECTION('',(0.E0,0.E0,-1.E0));
#3096=AXIS2_PLACEMENT_3D('',#3093,#3094,#3095);
#3097=CONICAL_SURFACE('',#3096,3.150000395574E0,4.500000690697E1);
#3099=ORIENTED_EDGE('',*,*,#3098,.T.);
#3101=ORIENTED_EDGE('',*,*,#3100,.T.);
#3102=ORIENTED_EDGE('',*,*,#3087,.F.);
#3104=ORIENTED_EDGE('',*,*,#3103,.F.);
#3105=EDGE_LOOP('',(#3099,#3101,#3102,#3104));
#3106=FACE_OUTER_BOUND('',#3105,.F.);
#3108=CARTESIAN_POINT('',(9.209999636113E0,-1.931787450545E-14,0.E0));
#3109=DIRECTION('',(1.E0,0.E0,0.E0));
#3110=DIRECTION('',(0.E0,0.E0,-1.E0));
#3111=AXIS2_PLACEMENT_3D('',#3108,#3109,#3110);
#3112=CONICAL_SURFACE('',#3111,3.150000395574E0,4.500000690697E1);
#3114=ORIENTED_EDGE('',*,*,#3113,.T.);
#3115=ORIENTED_EDGE('',*,*,#3103,.T.);
#3116=ORIENTED_EDGE('',*,*,#3073,.F.);
#3117=ORIENTED_EDGE('',*,*,#3100,.F.);
#3118=EDGE_LOOP('',(#3114,#3115,#3116,#3117));
#3119=FACE_OUTER_BOUND('',#3118,.F.);
#3121=OPEN_SHELL('',(#3008,#3023,#3036,#3051,#3064,#3079,#3092,#3107,#3120));
#3122=SHELL_BASED_SURFACE_MODEL('',(#1804,#2077,#2874,#3121));
#3124=DIMENSIONAL_EXPONENTS(0.E0,0.E0,0.E0,0.E0,0.E0,0.E0,0.E0);
#3126=PLANE_ANGLE_MEASURE_WITH_UNIT(PLANE_ANGLE_MEASURE(1.745329251994E-2),
#3125);
#3127=(CONVERSION_BASED_UNIT('DEGREE',#3126)NAMED_UNIT(*)PLANE_ANGLE_UNIT());
#3129=UNCERTAINTY_MEASURE_WITH_UNIT(LENGTH_MEASURE(1.071451507240E-3),#3123,
'closure',
'Maximum model space distance between geometric entities at asserted connectivities');
#3132=APPLICATION_CONTEXT(
'CONFIGURATION CONTROLLED 3D DESIGNS OF MECHANICAL PARTS AND ASSEMBLIES');
#3133=APPLICATION_PROTOCOL_DEFINITION('international standard',
'config_control_design',1994,#3132);
#3134=DESIGN_CONTEXT('',#3132,'design');
#3135=MECHANICAL_CONTEXT('',#3132,'mechanical');
#3136=PRODUCT('112405-12','112405-12','NOT SPECIFIED',(#3135));
#3137=PRODUCT_DEFINITION_FORMATION_WITH_SPECIFIED_SOURCE('1','LAST_VERSION',
#3136,.MADE.);
#3141=PRODUCT_CATEGORY('part','');
#3142=PRODUCT_RELATED_PRODUCT_CATEGORY('detail','',(#3136));
#3143=PRODUCT_CATEGORY_RELATIONSHIP('','',#3141,#3142);
#3144=SECURITY_CLASSIFICATION_LEVEL('unclassified');
#3145=SECURITY_CLASSIFICATION('','',#3144);
#3146=CC_DESIGN_SECURITY_CLASSIFICATION(#3145,(#3137));
#3147=APPROVAL_STATUS('approved');
#3148=APPROVAL(#3147,'');
#3149=CC_DESIGN_APPROVAL(#3148,(#3145,#3137,#3138));
#3150=CALENDAR_DATE(115,9,6);
#3151=COORDINATED_UNIVERSAL_TIME_OFFSET(5,30,.AHEAD.);
#3152=LOCAL_TIME(18,40,3.7E1,#3151);
#3153=DATE_AND_TIME(#3150,#3152);
#3154=APPROVAL_DATE_TIME(#3153,#3148);
#3155=DATE_TIME_ROLE('creation_date');
#3156=CC_DESIGN_DATE_AND_TIME_ASSIGNMENT(#3153,#3155,(#3138));
#3157=DATE_TIME_ROLE('classification_date');
#3158=CC_DESIGN_DATE_AND_TIME_ASSIGNMENT(#3153,#3157,(#3145));
#3159=PERSON('UNSPECIFIED','UNSPECIFIED',$,$,$,$);
#3160=ORGANIZATION('UNSPECIFIED','UNSPECIFIED','UNSPECIFIED');
#3161=PERSON_AND_ORGANIZATION(#3159,#3160);
#3162=APPROVAL_ROLE('approver');
#3163=APPROVAL_PERSON_ORGANIZATION(#3161,#3148,#3162);
#3164=PERSON_AND_ORGANIZATION_ROLE('creator');
#3165=CC_DESIGN_PERSON_AND_ORGANIZATION_ASSIGNMENT(#3161,#3164,(#3137,#3138));
#3166=PERSON_AND_ORGANIZATION_ROLE('design_supplier');
#3167=CC_DESIGN_PERSON_AND_ORGANIZATION_ASSIGNMENT(#3161,#3166,(#3137));
#3168=PERSON_AND_ORGANIZATION_ROLE('classification_officer');
#3169=CC_DESIGN_PERSON_AND_ORGANIZATION_ASSIGNMENT(#3161,#3168,(#3145));
#3170=PERSON_AND_ORGANIZATION_ROLE('design_owner');
#3171=CC_DESIGN_PERSON_AND_ORGANIZATION_ASSIGNMENT(#3161,#3170,(#3136));
#5=CIRCLE('',#4,4.825E0);
#10=CIRCLE('',#9,4.825E0);
#15=CIRCLE('',#14,4.45E0);
#28=CIRCLE('',#27,4.45E0);
#41=CIRCLE('',#40,4.2E0);
#46=CIRCLE('',#45,4.2E0);
#51=CIRCLE('',#50,4.075E0);
#56=CIRCLE('',#55,3.925E0);
#65=CIRCLE('',#64,3.925E0);
#74=CIRCLE('',#73,4.075E0);
#86=B_SPLINE_CURVE_WITH_KNOTS('',3,(#75,#76,#77,#78,#79,#80,#81,#82,#83,#84,
#85),.UNSPECIFIED.,.F.,.F.,(4,1,1,1,1,1,1,1,4),(0.E0,1.25E-1,2.5E-1,3.75E-1,
5.E-1,6.25E-1,7.5E-1,8.75E-1,1.E0),.UNSPECIFIED.);
#106=B_SPLINE_CURVE_WITH_KNOTS('',3,(#95,#96,#97,#98,#99,#100,#101,#102,#103,
#104,#105),.UNSPECIFIED.,.F.,.F.,(4,1,1,1,1,1,1,1,4),(0.E0,1.25E-1,2.5E-1,
3.75E-1,5.E-1,6.25E-1,7.5E-1,8.75E-1,1.E0),.UNSPECIFIED.);
#115=CIRCLE('',#114,4.825E0);
#131=B_SPLINE_CURVE_WITH_KNOTS('',3,(#120,#121,#122,#123,#124,#125,#126,#127,
#128,#129,#130),.UNSPECIFIED.,.F.,.F.,(4,1,1,1,1,1,1,1,4),(0.E0,1.25E-1,2.5E-1,
3.75E-1,5.E-1,6.25E-1,7.5E-1,8.75E-1,1.E0),.UNSPECIFIED.);
#140=CIRCLE('',#139,4.825E0);
#156=B_SPLINE_CURVE_WITH_KNOTS('',3,(#145,#146,#147,#148,#149,#150,#151,#152,
#153,#154,#155),.UNSPECIFIED.,.F.,.F.,(4,1,1,1,1,1,1,1,4),(0.E0,1.25E-1,2.5E-1,
3.75E-1,5.E-1,6.25E-1,7.5E-1,8.75E-1,1.E0),.UNSPECIFIED.);
#165=CIRCLE('',#164,4.825E0);
#174=CIRCLE('',#173,2.5E0);
#179=CIRCLE('',#178,2.5E0);
#184=CIRCLE('',#183,9.9E-1);
#189=CIRCLE('',#188,9.9E-1);
#194=CIRCLE('',#193,9.9E-1);
#199=CIRCLE('',#198,9.9E-1);
#218=B_SPLINE_CURVE_WITH_KNOTS('',3,(#200,#201,#202,#203,#204,#205,#206,#207,
#208,#209,#210,#211,#212,#213,#214,#215,#216,#217),.UNSPECIFIED.,.F.,.F.,(4,1,1,
1,1,1,1,1,1,1,1,1,1,1,1,4),(0.E0,6.666666666667E-2,1.333333333333E-1,2.E-1,
2.666666666667E-1,3.333333333333E-1,4.E-1,4.666666666667E-1,5.333333333333E-1,
6.E-1,6.666666666667E-1,7.333333333333E-1,8.E-1,8.666666666667E-1,
9.333333333333E-1,1.E0),.UNSPECIFIED.);
#223=CIRCLE('',#222,9.9E-1);
#242=B_SPLINE_CURVE_WITH_KNOTS('',3,(#224,#225,#226,#227,#228,#229,#230,#231,
#232,#233,#234,#235,#236,#237,#238,#239,#240,#241),.UNSPECIFIED.,.F.,.F.,(4,1,1,
1,1,1,1,1,1,1,1,1,1,1,1,4),(0.E0,6.666666666667E-2,1.333333333333E-1,2.E-1,
2.666666666667E-1,3.333333333333E-1,4.E-1,4.666666666667E-1,5.333333333333E-1,
6.E-1,6.666666666667E-1,7.333333333333E-1,8.E-1,8.666666666667E-1,
9.333333333333E-1,1.E0),.UNSPECIFIED.);
#247=CIRCLE('',#246,9.9E-1);
#266=B_SPLINE_CURVE_WITH_KNOTS('',3,(#248,#249,#250,#251,#252,#253,#254,#255,
#256,#257,#258,#259,#260,#261,#262,#263,#264,#265),.UNSPECIFIED.,.F.,.F.,(4,1,1,
1,1,1,1,1,1,1,1,1,1,1,1,4),(0.E0,6.666666666667E-2,1.333333333333E-1,2.E-1,
2.666666666667E-1,3.333333333333E-1,4.E-1,4.666666666667E-1,5.333333333333E-1,
6.E-1,6.666666666667E-1,7.333333333333E-1,8.E-1,8.666666666667E-1,
9.333333333333E-1,1.E0),.UNSPECIFIED.);
#275=CIRCLE('',#274,9.9E-1);
#284=CIRCLE('',#283,9.9E-1);
#289=CIRCLE('',#288,9.9E-1);
#294=CIRCLE('',#293,9.9E-1);
#299=CIRCLE('',#298,9.9E-1);
#305=B_SPLINE_CURVE_WITH_KNOTS('',3,(#300,#301,#302,#303,#304),.UNSPECIFIED.,
.F.,.F.,(4,1,4),(0.E0,5.E-1,1.E0),.UNSPECIFIED.);
#313=B_SPLINE_CURVE_WITH_KNOTS('',3,(#306,#307,#308,#309,#310,#311,#312),
.UNSPECIFIED.,.F.,.F.,(4,1,1,1,4),(0.E0,2.5E-1,5.E-1,7.5E-1,1.E0),
.UNSPECIFIED.);
#321=B_SPLINE_CURVE_WITH_KNOTS('',3,(#314,#315,#316,#317,#318,#319,#320),
.UNSPECIFIED.,.F.,.F.,(4,1,1,1,4),(0.E0,2.5E-1,5.E-1,7.5E-1,1.E0),
.UNSPECIFIED.);
#327=B_SPLINE_CURVE_WITH_KNOTS('',3,(#322,#323,#324,#325,#326),.UNSPECIFIED.,
.F.,.F.,(4,1,4),(0.E0,5.E-1,1.E0),.UNSPECIFIED.);
#335=B_SPLINE_CURVE_WITH_KNOTS('',3,(#328,#329,#330,#331,#332,#333,#334),
.UNSPECIFIED.,.F.,.F.,(4,1,1,1,4),(0.E0,2.5E-1,5.E-1,7.5E-1,1.E0),
.UNSPECIFIED.);
#343=B_SPLINE_CURVE_WITH_KNOTS('',3,(#336,#337,#338,#339,#340,#341,#342),
.UNSPECIFIED.,.F.,.F.,(4,1,1,1,4),(0.E0,2.5E-1,5.E-1,7.5E-1,1.E0),
.UNSPECIFIED.);
#352=CIRCLE('',#351,4.825E0);
#368=B_SPLINE_CURVE_WITH_KNOTS('',3,(#357,#358,#359,#360,#361,#362,#363,#364,
#365,#366,#367),.UNSPECIFIED.,.F.,.F.,(4,1,1,1,1,1,1,1,4),(0.E0,1.25E-1,2.5E-1,
3.75E-1,5.E-1,6.25E-1,7.5E-1,8.75E-1,1.E0),.UNSPECIFIED.);
#379=B_SPLINE_CURVE_WITH_KNOTS('',3,(#369,#370,#371,#372,#373,#374,#375,#376,
#377,#378),.UNSPECIFIED.,.F.,.F.,(4,1,1,1,1,1,1,4),(0.E0,1.428571428571E-1,
2.857142857143E-1,4.285714285714E-1,5.714285714286E-1,7.142857142857E-1,
8.571428571429E-1,1.E0),.UNSPECIFIED.);
#395=B_SPLINE_CURVE_WITH_KNOTS('',3,(#384,#385,#386,#387,#388,#389,#390,#391,
#392,#393,#394),.UNSPECIFIED.,.F.,.F.,(4,1,1,1,1,1,1,1,4),(0.E0,1.25E-1,2.5E-1,
3.75E-1,5.E-1,6.25E-1,7.5E-1,8.75E-1,1.E0),.UNSPECIFIED.);
#400=CIRCLE('',#399,4.825E0);
#412=B_SPLINE_CURVE_WITH_KNOTS('',3,(#401,#402,#403,#404,#405,#406,#407,#408,
#409,#410,#411),.UNSPECIFIED.,.F.,.F.,(4,1,1,1,1,1,1,1,4),(0.E0,1.25E-1,2.5E-1,
3.75E-1,5.E-1,6.25E-1,7.5E-1,8.75E-1,1.E0),.UNSPECIFIED.);
#421=CIRCLE('',#420,4.825E0);
#426=CIRCLE('',#425,2.5E0);
#431=CIRCLE('',#430,2.5E0);
#436=CIRCLE('',#435,5.5E0);
#441=CIRCLE('',#440,5.5E0);
#454=CIRCLE('',#453,5.5E0);
#459=CIRCLE('',#458,5.5E0);
#528=CIRCLE('',#527,2.799993244230E0);
#533=CIRCLE('',#532,2.799993244230E0);
#674=CIRCLE('',#673,2.5E0);
#683=CIRCLE('',#682,2.5E0);
#692=CIRCLE('',#691,2.5E0);
#697=CIRCLE('',#696,2.5E0);
#703=B_SPLINE_CURVE_WITH_KNOTS('',3,(#698,#699,#700,#701,#702),.UNSPECIFIED.,
.F.,.F.,(4,1,4),(0.E0,5.E-1,1.E0),.UNSPECIFIED.);
#711=B_SPLINE_CURVE_WITH_KNOTS('',3,(#704,#705,#706,#707,#708,#709,#710),
.UNSPECIFIED.,.F.,.F.,(4,1,1,1,4),(0.E0,2.5E-1,5.E-1,7.5E-1,1.E0),
.UNSPECIFIED.);
#719=B_SPLINE_CURVE_WITH_KNOTS('',3,(#712,#713,#714,#715,#716,#717,#718),
.UNSPECIFIED.,.F.,.F.,(4,1,1,1,4),(0.E0,2.5E-1,5.E-1,7.5E-1,1.E0),
.UNSPECIFIED.);
#725=B_SPLINE_CURVE_WITH_KNOTS('',3,(#720,#721,#722,#723,#724),.UNSPECIFIED.,
.F.,.F.,(4,1,4),(0.E0,5.E-1,1.E0),.UNSPECIFIED.);
#733=B_SPLINE_CURVE_WITH_KNOTS('',3,(#726,#727,#728,#729,#730,#731,#732),
.UNSPECIFIED.,.F.,.F.,(4,1,1,1,4),(0.E0,2.5E-1,5.E-1,7.5E-1,1.E0),
.UNSPECIFIED.);
#741=B_SPLINE_CURVE_WITH_KNOTS('',3,(#734,#735,#736,#737,#738,#739,#740),
.UNSPECIFIED.,.F.,.F.,(4,1,1,1,4),(0.E0,2.5E-1,5.E-1,7.5E-1,1.E0),
.UNSPECIFIED.);
#760=B_SPLINE_CURVE_WITH_KNOTS('',3,(#742,#743,#744,#745,#746,#747,#748,#749,
#750,#751,#752,#753,#754,#755,#756,#757,#758,#759),.UNSPECIFIED.,.F.,.F.,(4,1,1,
1,1,1,1,1,1,1,1,1,1,1,1,4),(0.E0,6.666666666667E-2,1.333333333333E-1,2.E-1,
2.666666666667E-1,3.333333333333E-1,4.E-1,4.666666666667E-1,5.333333333333E-1,
6.E-1,6.666666666667E-1,7.333333333333E-1,8.E-1,8.666666666667E-1,
9.333333333333E-1,1.E0),.UNSPECIFIED.);
#769=CIRCLE('',#768,9.9E-1);
#941=EDGE_CURVE('',#796,#797,#5,.T.);
#943=EDGE_CURVE('',#796,#797,#10,.T.);
#947=EDGE_CURVE('',#776,#786,#15,.T.);
#949=EDGE_CURVE('',#776,#786,#28,.T.);
#953=ADVANCED_FACE('',(#946,#952),#940,.F.);
#959=EDGE_CURVE('',#776,#777,#19,.T.);
#962=EDGE_CURVE('',#786,#787,#23,.T.);
#964=EDGE_CURVE('',#777,#787,#46,.T.);
#968=ADVANCED_FACE('',(#967),#958,.F.);
#975=EDGE_CURVE('',#777,#787,#41,.T.);
#981=ADVANCED_FACE('',(#980),#973,.F.);
#987=EDGE_CURVE('',#777,#779,#32,.T.);
#989=EDGE_CURVE('',#779,#789,#74,.T.);
#991=EDGE_CURVE('',#787,#789,#36,.T.);
#996=ADVANCED_FACE('',(#995),#986,.F.);
#1005=EDGE_CURVE('',#779,#789,#51,.T.);
#1009=ADVANCED_FACE('',(#1008),#1001,.F.);
#1015=EDGE_CURVE('',#779,#921,#60,.T.);
#1018=EDGE_CURVE('',#789,#923,#69,.T.);
#1020=EDGE_CURVE('',#923,#921,#56,.T.);
#1024=ADVANCED_FACE('',(#1023),#1014,.F.);
#1031=EDGE_CURVE('',#921,#923,#65,.T.);
#1037=ADVANCED_FACE('',(#1036),#1029,.F.);
#1043=EDGE_CURVE('',#883,#886,#86,.T.);
#1045=EDGE_CURVE('',#883,#796,#90,.T.);
#1048=EDGE_CURVE('',#885,#797,#94,.T.);
#1050=EDGE_CURVE('',#894,#885,#106,.T.);
#1052=EDGE_CURVE('',#894,#895,#110,.T.);
#1054=EDGE_CURVE('',#895,#889,#115,.T.);
#1056=EDGE_CURVE('',#886,#889,#119,.T.);
#1060=ADVANCED_FACE('',(#1059),#1042,.T.);
#1066=EDGE_CURVE('',#887,#882,#131,.T.);
#1068=EDGE_CURVE('',#891,#887,#135,.T.);
#1070=EDGE_CURVE('',#898,#891,#140,.T.);
#1072=EDGE_CURVE('',#898,#899,#144,.T.);
#1074=EDGE_CURVE('',#884,#899,#156,.T.);
#1076=EDGE_CURVE('',#801,#884,#160,.T.);
#1078=EDGE_CURVE('',#800,#801,#165,.T.);
#1080=EDGE_CURVE('',#800,#882,#169,.T.);
#1084=ADVANCED_FACE('',(#1083),#1065,.T.);
#1090=EDGE_CURVE('',#886,#868,#174,.T.);
#1092=EDGE_CURVE('',#868,#883,#379,.T.);
#1097=ADVANCED_FACE('',(#1096),#1089,.F.);
#1104=EDGE_CURVE('',#882,#873,#395,.T.);
#1106=EDGE_CURVE('',#873,#887,#179,.T.);
#1110=ADVANCED_FACE('',(#1109),#1102,.F.);
#1116=EDGE_CURVE('',#909,#907,#184,.T.);
#1118=EDGE_CURVE('',#902,#909,#189,.T.);
#1120=EDGE_CURVE('',#902,#891,#719,.T.);
#1124=EDGE_CURVE('',#872,#873,#383,.T.);
#1126=EDGE_CURVE('',#872,#907,#335,.T.);
#1130=ADVANCED_FACE('',(#1129),#1115,.F.);
#1136=EDGE_CURVE('',#906,#911,#194,.T.);
#1138=EDGE_CURVE('',#906,#869,#321,.T.);
#1140=EDGE_CURVE('',#868,#869,#347,.T.);
#1144=EDGE_CURVE('',#889,#903,#733,.T.);
#1146=EDGE_CURVE('',#911,#903,#199,.T.);
#1150=ADVANCED_FACE('',(#1149),#1135,.F.);
#1156=EDGE_CURVE('',#918,#919,#218,.T.);
#1158=EDGE_CURVE('',#909,#918,#773,.T.);
#1161=EDGE_CURVE('',#907,#906,#223,.T.);
#1164=EDGE_CURVE('',#911,#919,#764,.T.);
#1168=ADVANCED_FACE('',(#1167),#1155,.T.);
#1174=EDGE_CURVE('',#916,#917,#242,.T.);
#1176=EDGE_CURVE('',#917,#916,#266,.T.);
#1180=ADVANCED_FACE('',(#1179),#1173,.T.);
#1187=EDGE_CURVE('',#919,#918,#760,.T.);
#1191=ADVANCED_FACE('',(#1190),#1185,.T.);
#1198=EDGE_CURVE('',#916,#915,#279,.T.);
#1200=EDGE_CURVE('',#905,#915,#294,.T.);
#1202=EDGE_CURVE('',#905,#904,#247,.T.);
#1204=EDGE_CURVE('',#913,#904,#284,.T.);
#1206=EDGE_CURVE('',#917,#913,#270,.T.);
#1210=ADVANCED_FACE('',(#1209),#1196,.T.);
#1218=EDGE_CURVE('',#901,#913,#289,.T.);
#1220=EDGE_CURVE('',#901,#900,#275,.T.);
#1222=EDGE_CURVE('',#915,#900,#299,.T.);
#1227=ADVANCED_FACE('',(#1226),#1215,.T.);
#1234=EDGE_CURVE('',#904,#880,#343,.T.);
#1236=EDGE_CURVE('',#880,#881,#416,.T.);
#1238=EDGE_CURVE('',#899,#881,#431,.T.);
#1241=EDGE_CURVE('',#898,#901,#711,.T.);
#1246=ADVANCED_FACE('',(#1245),#1232,.T.);
#1254=EDGE_CURVE('',#900,#895,#741,.T.);
#1257=EDGE_CURVE('',#876,#894,#426,.T.);
#1259=EDGE_CURVE('',#876,#877,#356,.T.);
#1261=EDGE_CURVE('',#877,#905,#313,.T.);
#1265=ADVANCED_FACE('',(#1264),#1251,.T.);
#1271=EDGE_CURVE('',#904,#905,#305,.T.);
#1274=EDGE_CURVE('',#869,#877,#352,.T.);
#1277=EDGE_CURVE('',#906,#907,#327,.T.);
#1280=EDGE_CURVE('',#872,#880,#421,.T.);
#1285=ADVANCED_FACE('',(#1284),#1270,.F.);
#1294=EDGE_CURVE('',#885,#876,#368,.T.);
#1302=ADVANCED_FACE('',(#1301),#1290,.T.);
#1311=EDGE_CURVE('',#800,#801,#400,.T.);
#1314=EDGE_CURVE('',#881,#884,#412,.T.);
#1320=ADVANCED_FACE('',(#1319),#1307,.T.);
#1331=ADVANCED_FACE('',(#1330),#1325,.F.);
#1342=ADVANCED_FACE('',(#1341),#1336,.F.);
#1348=EDGE_CURVE('',#783,#793,#436,.T.);
#1350=EDGE_CURVE('',#783,#793,#441,.T.);
#1358=ADVANCED_FACE('',(#1353,#1357),#1347,.F.);
#1364=EDGE_CURVE('',#782,#783,#445,.T.);
#1367=EDGE_CURVE('',#792,#793,#449,.T.);
#1369=EDGE_CURVE('',#782,#792,#454,.T.);
#1373=ADVANCED_FACE('',(#1372),#1363,.T.);
#1380=EDGE_CURVE('',#782,#792,#459,.T.);
#1386=ADVANCED_FACE('',(#1385),#1378,.T.);
#1396=EDGE_CURVE('',#836,#837,#463,.T.);
#1398=EDGE_CURVE('',#837,#839,#467,.T.);
#1400=EDGE_CURVE('',#839,#841,#471,.T.);
#1402=EDGE_CURVE('',#841,#836,#475,.T.);
#1406=EDGE_CURVE('',#844,#845,#479,.T.);
#1408=EDGE_CURVE('',#845,#847,#483,.T.);
#1410=EDGE_CURVE('',#847,#849,#487,.T.);
#1412=EDGE_CURVE('',#849,#844,#491,.T.);
#1416=EDGE_CURVE('',#852,#853,#495,.T.);
#1418=EDGE_CURVE('',#853,#855,#499,.T.);
#1420=EDGE_CURVE('',#855,#857,#503,.T.);
#1422=EDGE_CURVE('',#857,#852,#507,.T.);
#1426=EDGE_CURVE('',#860,#861,#511,.T.);
#1428=EDGE_CURVE('',#861,#863,#515,.T.);
#1430=EDGE_CURVE('',#863,#865,#519,.T.);
#1432=EDGE_CURVE('',#865,#860,#523,.T.);
#1436=EDGE_CURVE('',#930,#931,#528,.T.);
#1438=EDGE_CURVE('',#931,#930,#533,.T.);
#1442=ADVANCED_FACE('',(#1395,#1405,#1415,#1425,#1435,#1441),#1391,.T.);
#1449=EDGE_CURVE('',#836,#804,#537,.T.);
#1451=EDGE_CURVE('',#804,#805,#553,.T.);
#1453=EDGE_CURVE('',#837,#805,#549,.T.);
#1457=ADVANCED_FACE('',(#1456),#1447,.T.);
#1464=EDGE_CURVE('',#841,#809,#541,.T.);
#1466=EDGE_CURVE('',#809,#804,#557,.T.);
#1471=ADVANCED_FACE('',(#1470),#1462,.T.);
#1478=EDGE_CURVE('',#839,#807,#545,.T.);
#1480=EDGE_CURVE('',#807,#809,#561,.T.);
#1485=ADVANCED_FACE('',(#1484),#1476,.T.);
#1493=EDGE_CURVE('',#805,#807,#565,.T.);
#1498=ADVANCED_FACE('',(#1497),#1490,.T.);
#1510=ADVANCED_FACE('',(#1509),#1503,.T.);
#1516=EDGE_CURVE('',#812,#813,#569,.T.);
#1518=EDGE_CURVE('',#817,#812,#573,.T.);
#1520=EDGE_CURVE('',#815,#817,#577,.T.);
#1522=EDGE_CURVE('',#813,#815,#581,.T.);
#1526=ADVANCED_FACE('',(#1525),#1515,.T.);
#1532=EDGE_CURVE('',#820,#821,#585,.T.);
#1534=EDGE_CURVE('',#825,#820,#589,.T.);
#1536=EDGE_CURVE('',#823,#825,#593,.T.);
#1538=EDGE_CURVE('',#821,#823,#597,.T.);
#1542=ADVANCED_FACE('',(#1541),#1531,.T.);
#1548=EDGE_CURVE('',#828,#829,#601,.T.);
#1550=EDGE_CURVE('',#833,#828,#605,.T.);
#1552=EDGE_CURVE('',#831,#833,#609,.T.);
#1554=EDGE_CURVE('',#829,#831,#613,.T.);
#1558=ADVANCED_FACE('',(#1557),#1547,.T.);
#1565=EDGE_CURVE('',#844,#812,#617,.T.);
#1568=EDGE_CURVE('',#845,#813,#629,.T.);
#1572=ADVANCED_FACE('',(#1571),#1563,.T.);
#1579=EDGE_CURVE('',#849,#817,#621,.T.);
#1585=ADVANCED_FACE('',(#1584),#1577,.T.);
#1592=EDGE_CURVE('',#847,#815,#625,.T.);
#1598=ADVANCED_FACE('',(#1597),#1590,.T.);
#1610=ADVANCED_FACE('',(#1609),#1603,.T.);
#1617=EDGE_CURVE('',#852,#820,#633,.T.);
#1620=EDGE_CURVE('',#853,#821,#645,.T.);
#1624=ADVANCED_FACE('',(#1623),#1615,.T.);
#1631=EDGE_CURVE('',#857,#825,#637,.T.);
#1637=ADVANCED_FACE('',(#1636),#1629,.T.);
#1644=EDGE_CURVE('',#855,#823,#641,.T.);
#1650=ADVANCED_FACE('',(#1649),#1642,.T.);
#1662=ADVANCED_FACE('',(#1661),#1655,.T.);
#1669=EDGE_CURVE('',#860,#828,#649,.T.);
#1672=EDGE_CURVE('',#861,#829,#661,.T.);
#1676=ADVANCED_FACE('',(#1675),#1667,.T.);
#1683=EDGE_CURVE('',#865,#833,#653,.T.);
#1689=ADVANCED_FACE('',(#1688),#1681,.T.);
#1696=EDGE_CURVE('',#863,#831,#657,.T.);
#1702=ADVANCED_FACE('',(#1701),#1694,.T.);
#1714=ADVANCED_FACE('',(#1713),#1707,.T.);
#1721=EDGE_CURVE('',#931,#935,#669,.T.);
#1723=EDGE_CURVE('',#934,#935,#692,.T.);
#1725=EDGE_CURVE('',#930,#934,#665,.T.);
#1729=ADVANCED_FACE('',(#1728),#1719,.F.);
#1737=EDGE_CURVE('',#935,#934,#674,.T.);
#1742=ADVANCED_FACE('',(#1741),#1734,.F.);
#1749=EDGE_CURVE('',#926,#934,#678,.T.);
#1751=EDGE_CURVE('',#926,#927,#683,.T.);
#1753=EDGE_CURVE('',#927,#935,#687,.T.);
#1757=ADVANCED_FACE('',(#1756),#1747,.F.);
#1765=EDGE_CURVE('',#927,#926,#697,.T.);
#1770=ADVANCED_FACE('',(#1769),#1762,.F.);
#1776=EDGE_CURVE('',#900,#901,#703,.T.);
#1781=EDGE_CURVE('',#902,#903,#725,.T.);
#1788=ADVANCED_FACE('',(#1787),#1775,.F.);
#1797=EDGE_CURVE('',#903,#902,#769,.T.);
#1803=ADVANCED_FACE('',(#1802),#1793,.T.);
#1809=CIRCLE('',#1808,3.1E0);
#1814=CIRCLE('',#1813,3.1E0);
#1819=CIRCLE('',#1818,3.1E0);
#1824=CIRCLE('',#1823,1.7E0);
#1829=CIRCLE('',#1828,1.7E0);
#1834=CIRCLE('',#1833,1.7E0);
#1839=CIRCLE('',#1838,1.05E0);
#1844=CIRCLE('',#1843,1.05E0);
#1849=CIRCLE('',#1848,4.75E-1);
#1854=CIRCLE('',#1853,4.75E-1);
#1859=CIRCLE('',#1858,2.300000290928E0);
#1864=CIRCLE('',#1863,2.300000290928E0);
#1873=CIRCLE('',#1872,3.1E0);
#1886=CIRCLE('',#1885,1.7E0);
#1895=CIRCLE('',#1894,2.5E0);
#1904=CIRCLE('',#1903,2.5E0);
#1946=EDGE_CURVE('',#1911,#1912,#1868,.T.);
#1948=EDGE_CURVE('',#1912,#1920,#1814,.T.);
#1950=EDGE_CURVE('',#1919,#1920,#1877,.T.);
#1952=EDGE_CURVE('',#1919,#1911,#1809,.T.);
#1956=ADVANCED_FACE('',(#1955),#1945,.F.);
#1963=EDGE_CURVE('',#1912,#1920,#1819,.T.);
#1967=EDGE_CURVE('',#1915,#1923,#1886,.T.);
#1969=EDGE_CURVE('',#1915,#1923,#1824,.T.);
#1973=ADVANCED_FACE('',(#1966,#1972),#1961,.T.);
#1979=EDGE_CURVE('',#1915,#1916,#1881,.T.);
#1981=EDGE_CURVE('',#1916,#1924,#1829,.T.);
#1983=EDGE_CURVE('',#1923,#1924,#1890,.T.);
#1988=ADVANCED_FACE('',(#1987),#1978,.T.);
#1995=EDGE_CURVE('',#1916,#1924,#1834,.T.);
#1999=EDGE_CURVE('',#1928,#1927,#1839,.T.);
#2001=EDGE_CURVE('',#1927,#1928,#1844,.T.);
#2005=ADVANCED_FACE('',(#1998,#2004),#1993,.T.);
#2011=EDGE_CURVE('',#1939,#1940,#1859,.T.);
#2013=EDGE_CURVE('',#1940,#1939,#1864,.T.);
#2017=EDGE_CURVE('',#1932,#1931,#1849,.T.);
#2019=EDGE_CURVE('',#1931,#1932,#1854,.T.);
#2023=ADVANCED_FACE('',(#2016,#2022),#2010,.F.);
#2030=EDGE_CURVE('',#1911,#1919,#1873,.T.);
#2036=ADVANCED_FACE('',(#2035),#2028,.F.);
#2048=ADVANCED_FACE('',(#2047),#2041,.T.);
#2054=EDGE_CURVE('',#1936,#1935,#1895,.T.);
#2056=EDGE_CURVE('',#1935,#1939,#1908,.T.);
#2059=EDGE_CURVE('',#1936,#1940,#1899,.T.);
#2063=ADVANCED_FACE('',(#2062),#2053,.T.);
#2069=EDGE_CURVE('',#1935,#1936,#1904,.T.);
#2076=ADVANCED_FACE('',(#2075),#2068,.T.);
#2082=CIRCLE('',#2081,2.749965839264E-1);
#2087=CIRCLE('',#2086,2.749965839264E-1);
#2092=CIRCLE('',#2091,4.75E-1);
#2097=CIRCLE('',#2096,4.75E-1);
#2102=CIRCLE('',#2101,1.05E0);
#2107=CIRCLE('',#2106,1.05E0);
#2120=CIRCLE('',#2119,1.05E0);
#2133=CIRCLE('',#2132,1.05E0);
#2138=CIRCLE('',#2137,1.05E0);
#2147=CIRCLE('',#2146,8.831903742229E-1);
#2156=CIRCLE('',#2155,1.05E0);
#2165=CIRCLE('',#2164,8.831903742229E-1);
#2174=CIRCLE('',#2173,1.05E0);
#2183=CIRCLE('',#2182,8.831903742229E-1);
#2192=CIRCLE('',#2191,1.05E0);
#2201=CIRCLE('',#2200,8.831903742229E-1);
#2210=CIRCLE('',#2209,7.1E-1);
#2215=CIRCLE('',#2214,7.1E-1);
#2224=CIRCLE('',#2223,7.1E-1);
#2233=CIRCLE('',#2232,7.1E-1);
#2242=CIRCLE('',#2241,7.1E-1);
#2251=CIRCLE('',#2250,7.1E-1);
#2256=CIRCLE('',#2255,4.75E-1);
#2265=CIRCLE('',#2264,4.75E-1);
#2274=CIRCLE('',#2273,1.05E0);
#2283=CIRCLE('',#2282,1.05E0);
#2296=CIRCLE('',#2295,1.05E0);
#2309=CIRCLE('',#2308,1.05E0);
#2318=CIRCLE('',#2317,7.1E-1);
#2331=CIRCLE('',#2330,7.1E-1);
#2340=CIRCLE('',#2339,7.1E-1);
#2349=CIRCLE('',#2348,7.1E-1);
#2358=CIRCLE('',#2357,7.1E-1);
#2371=CIRCLE('',#2370,7.1E-1);
#2382=B_SPLINE_CURVE_WITH_KNOTS('',3,(#2376,#2377,#2378,#2379,#2380,#2381),
.UNSPECIFIED.,.F.,.F.,(4,1,1,4),(0.E0,3.333333333333E-1,6.666666666667E-1,1.E0),
.UNSPECIFIED.);
#2389=B_SPLINE_CURVE_WITH_KNOTS('',3,(#2383,#2384,#2385,#2386,#2387,#2388),
.UNSPECIFIED.,.F.,.F.,(4,1,1,4),(0.E0,3.333333333333E-1,6.666666666667E-1,1.E0),
.UNSPECIFIED.);
#2396=B_SPLINE_CURVE_WITH_KNOTS('',3,(#2390,#2391,#2392,#2393,#2394,#2395),
.UNSPECIFIED.,.F.,.F.,(4,1,1,4),(0.E0,3.333333333333E-1,6.666666666667E-1,1.E0),
.UNSPECIFIED.);
#2403=B_SPLINE_CURVE_WITH_KNOTS('',3,(#2397,#2398,#2399,#2400,#2401,#2402),
.UNSPECIFIED.,.F.,.F.,(4,1,1,4),(0.E0,3.333333333333E-1,6.666666666667E-1,1.E0),
.UNSPECIFIED.);
#2410=B_SPLINE_CURVE_WITH_KNOTS('',3,(#2404,#2405,#2406,#2407,#2408,#2409),
.UNSPECIFIED.,.F.,.F.,(4,1,1,4),(0.E0,3.333333333333E-1,6.666666666667E-1,1.E0),
.UNSPECIFIED.);
#2417=B_SPLINE_CURVE_WITH_KNOTS('',3,(#2411,#2412,#2413,#2414,#2415,#2416),
.UNSPECIFIED.,.F.,.F.,(4,1,1,4),(0.E0,3.333333333333E-1,6.666666666667E-1,1.E0),
.UNSPECIFIED.);
#2424=B_SPLINE_CURVE_WITH_KNOTS('',3,(#2418,#2419,#2420,#2421,#2422,#2423),
.UNSPECIFIED.,.F.,.F.,(4,1,1,4),(0.E0,3.333333333333E-1,6.666666666667E-1,1.E0),
.UNSPECIFIED.);
#2431=B_SPLINE_CURVE_WITH_KNOTS('',3,(#2425,#2426,#2427,#2428,#2429,#2430),
.UNSPECIFIED.,.F.,.F.,(4,1,1,4),(0.E0,3.333333333333E-1,6.666666666667E-1,1.E0),
.UNSPECIFIED.);
#2547=EDGE_CURVE('',#2536,#2537,#2082,.T.);
#2549=EDGE_CURVE('',#2537,#2536,#2087,.T.);
#2553=ADVANCED_FACE('',(#2552),#2546,.F.);
#2559=EDGE_CURVE('',#2532,#2533,#2092,.T.);
#2561=EDGE_CURVE('',#2532,#2528,#2269,.T.);
#2563=EDGE_CURVE('',#2528,#2529,#2097,.T.);
#2565=EDGE_CURVE('',#2533,#2529,#2260,.T.);
#2569=ADVANCED_FACE('',(#2568),#2558,.T.);
#2575=EDGE_CURVE('',#2541,#2540,#2102,.T.);
#2577=EDGE_CURVE('',#2540,#2448,#2313,.T.);
#2579=EDGE_CURVE('',#2448,#2449,#2107,.T.);
#2581=EDGE_CURVE('',#2449,#2459,#2111,.T.);
#2583=EDGE_CURVE('',#2459,#2461,#2138,.T.);
#2585=EDGE_CURVE('',#2461,#2452,#2115,.T.);
#2587=EDGE_CURVE('',#2452,#2453,#2120,.T.);
#2589=EDGE_CURVE('',#2453,#2463,#2124,.T.);
#2591=EDGE_CURVE('',#2463,#2465,#2156,.T.);
#2593=EDGE_CURVE('',#2465,#2456,#2128,.T.);
#2595=EDGE_CURVE('',#2456,#2457,#2133,.T.);
#2597=EDGE_CURVE('',#2541,#2457,#2278,.T.);
#2601=ADVANCED_FACE('',(#2600),#2574,.T.);
#2608=EDGE_CURVE('',#2459,#2518,#2142,.T.);
#2610=EDGE_CURVE('',#2518,#2519,#2147,.T.);
#2612=EDGE_CURVE('',#2519,#2461,#2151,.T.);
#2616=ADVANCED_FACE('',(#2615),#2606,.T.);
#2623=EDGE_CURVE('',#2463,#2520,#2160,.T.);
#2625=EDGE_CURVE('',#2520,#2521,#2165,.T.);
#2627=EDGE_CURVE('',#2521,#2465,#2169,.T.);
#2631=ADVANCED_FACE('',(#2630),#2621,.T.);
#2637=EDGE_CURVE('',#2501,#2499,#2174,.T.);
#2639=EDGE_CURVE('',#2499,#2524,#2178,.T.);
#2641=EDGE_CURVE('',#2524,#2525,#2183,.T.);
#2643=EDGE_CURVE('',#2525,#2501,#2187,.T.);
#2647=ADVANCED_FACE('',(#2646),#2636,.T.);
#2653=EDGE_CURVE('',#2497,#2495,#2192,.T.);
#2655=EDGE_CURVE('',#2495,#2522,#2196,.T.);
#2657=EDGE_CURVE('',#2522,#2523,#2201,.T.);
#2659=EDGE_CURVE('',#2523,#2497,#2205,.T.);
#2663=ADVANCED_FACE('',(#2662),#2652,.T.);
#2669=EDGE_CURVE('',#2469,#2468,#2210,.T.);
#2671=EDGE_CURVE('',#2468,#2442,#2326,.T.);
#2673=EDGE_CURVE('',#2442,#2445,#2251,.T.);
#2675=EDGE_CURVE('',#2477,#2445,#2322,.T.);
#2677=EDGE_CURVE('',#2477,#2476,#2215,.T.);
#2679=EDGE_CURVE('',#2476,#2485,#2219,.T.);
#2681=EDGE_CURVE('',#2483,#2485,#2224,.T.);
#2683=EDGE_CURVE('',#2483,#2473,#2228,.T.);
#2685=EDGE_CURVE('',#2473,#2472,#2233,.T.);
#2687=EDGE_CURVE('',#2472,#2481,#2237,.T.);
#2689=EDGE_CURVE('',#2479,#2481,#2242,.T.);
#2691=EDGE_CURVE('',#2479,#2469,#2246,.T.);
#2695=ADVANCED_FACE('',(#2694),#2668,.F.);
#2701=EDGE_CURVE('',#2442,#2443,#2366,.T.);
#2703=EDGE_CURVE('',#2445,#2443,#2375,.T.);
#2708=ADVANCED_FACE('',(#2707),#2700,.F.);
#2714=EDGE_CURVE('',#2533,#2532,#2256,.T.);
#2717=EDGE_CURVE('',#2529,#2528,#2265,.T.);
#2722=ADVANCED_FACE('',(#2721),#2713,.T.);
#2728=EDGE_CURVE('',#2540,#2541,#2274,.T.);
#2731=EDGE_CURVE('',#2457,#2487,#2283,.T.);
#2733=EDGE_CURVE('',#2487,#2495,#2287,.T.);
#2736=EDGE_CURVE('',#2497,#2490,#2291,.T.);
#2738=EDGE_CURVE('',#2490,#2491,#2296,.T.);
#2740=EDGE_CURVE('',#2491,#2499,#2300,.T.);
#2743=EDGE_CURVE('',#2501,#2493,#2304,.T.);
#2745=EDGE_CURVE('',#2493,#2448,#2309,.T.);
#2750=ADVANCED_FACE('',(#2749),#2727,.T.);
#2756=EDGE_CURVE('',#2503,#2477,#2318,.T.);
#2759=EDGE_CURVE('',#2442,#2445,#2371,.T.);
#2762=EDGE_CURVE('',#2468,#2509,#2331,.T.);
#2764=EDGE_CURVE('',#2509,#2517,#2335,.T.);
#2766=EDGE_CURVE('',#2515,#2517,#2340,.T.);
#2768=EDGE_CURVE('',#2515,#2507,#2344,.T.);
#2770=EDGE_CURVE('',#2507,#2506,#2349,.T.);
#2772=EDGE_CURVE('',#2506,#2513,#2353,.T.);
#2774=EDGE_CURVE('',#2511,#2513,#2358,.T.);
#2776=EDGE_CURVE('',#2511,#2503,#2362,.T.);
#2780=ADVANCED_FACE('',(#2779),#2755,.F.);
#2791=ADVANCED_FACE('',(#2790),#2785,.F.);
#2797=EDGE_CURVE('',#2518,#2479,#2382,.T.);
#2800=EDGE_CURVE('',#2481,#2519,#2389,.T.);
#2805=ADVANCED_FACE('',(#2804),#2796,.F.);
#2811=EDGE_CURVE('',#2520,#2483,#2396,.T.);
#2814=EDGE_CURVE('',#2485,#2521,#2403,.T.);
#2819=ADVANCED_FACE('',(#2818),#2810,.F.);
#2825=EDGE_CURVE('',#2522,#2511,#2410,.T.);
#2828=EDGE_CURVE('',#2513,#2523,#2417,.T.);
#2833=ADVANCED_FACE('',(#2832),#2824,.F.);
#2839=EDGE_CURVE('',#2524,#2515,#2424,.T.);
#2842=EDGE_CURVE('',#2517,#2525,#2431,.T.);
#2847=ADVANCED_FACE('',(#2846),#2838,.F.);
#2854=EDGE_CURVE('',#2532,#2536,#2439,.T.);
#2857=EDGE_CURVE('',#2533,#2537,#2435,.T.);
#2861=ADVANCED_FACE('',(#2860),#2852,.T.);
#2873=ADVANCED_FACE('',(#2872),#2866,.T.);
#2879=CIRCLE('',#2878,3.849999485719E0);
#2884=CIRCLE('',#2883,3.849999485719E0);
#2889=CIRCLE('',#2888,3.200000140920E0);
#2894=CIRCLE('',#2893,3.200000140920E0);
#2899=CIRCLE('',#2898,3.95E0);
#2908=CIRCLE('',#2907,3.95E0);
#2925=CIRCLE('',#2924,3.1E0);
#2930=CIRCLE('',#2929,3.1E0);
#2939=CIRCLE('',#2938,3.1E0);
#2944=CIRCLE('',#2943,3.1E0);
#2953=CIRCLE('',#2952,3.200000140920E0);
#2962=CIRCLE('',#2961,3.200000140920E0);
#2996=EDGE_CURVE('',#2969,#2970,#2879,.T.);
#2998=EDGE_CURVE('',#2970,#2969,#2884,.T.);
#3002=EDGE_CURVE('',#2977,#2978,#2889,.T.);
#3004=EDGE_CURVE('',#2978,#2977,#2894,.T.);
#3008=ADVANCED_FACE('',(#3001,#3007),#2995,.T.);
#3015=EDGE_CURVE('',#2970,#2974,#2912,.T.);
#3017=EDGE_CURVE('',#2974,#2973,#2899,.T.);
#3019=EDGE_CURVE('',#2969,#2973,#2903,.T.);
#3023=ADVANCED_FACE('',(#3022),#3013,.T.);
#3031=EDGE_CURVE('',#2973,#2974,#2908,.T.);
#3036=ADVANCED_FACE('',(#3035),#3028,.T.);
#3043=EDGE_CURVE('',#2978,#2982,#2920,.T.);
#3045=EDGE_CURVE('',#2981,#2982,#2939,.T.);
#3047=EDGE_CURVE('',#2977,#2981,#2916,.T.);
#3051=ADVANCED_FACE('',(#3050),#3041,.F.);
#3059=EDGE_CURVE('',#2982,#2981,#2925,.T.);
#3064=ADVANCED_FACE('',(#3063),#3056,.F.);
#3071=EDGE_CURVE('',#2990,#2981,#2948,.T.);
#3073=EDGE_CURVE('',#2990,#2989,#2930,.T.);
#3075=EDGE_CURVE('',#2989,#2982,#2934,.T.);
#3079=ADVANCED_FACE('',(#3078),#3069,.F.);
#3087=EDGE_CURVE('',#2989,#2990,#2944,.T.);
#3092=ADVANCED_FACE('',(#3091),#3084,.F.);
#3098=EDGE_CURVE('',#2985,#2986,#2953,.T.);
#3100=EDGE_CURVE('',#2986,#2990,#2966,.T.);
#3103=EDGE_CURVE('',#2985,#2989,#2957,.T.);
#3107=ADVANCED_FACE('',(#3106),#3097,.F.);
#3113=EDGE_CURVE('',#2986,#2985,#2962,.T.);
#3120=ADVANCED_FACE('',(#3119),#3112,.F.);
#3123=(LENGTH_UNIT()NAMED_UNIT(*)SI_UNIT(.MILLI.,.METRE.));
#3125=(NAMED_UNIT(*)PLANE_ANGLE_UNIT()SI_UNIT($,.RADIAN.));
#3128=(NAMED_UNIT(*)SI_UNIT($,.STERADIAN.)SOLID_ANGLE_UNIT());
#3130=(GEOMETRIC_REPRESENTATION_CONTEXT(3)GLOBAL_UNCERTAINTY_ASSIGNED_CONTEXT((
#3129))GLOBAL_UNIT_ASSIGNED_CONTEXT((#3123,#3127,#3128))REPRESENTATION_CONTEXT(
'ID1','3'));
#3131=MANIFOLD_SURFACE_SHAPE_REPRESENTATION('',(#3122),#3130);
#3138=PRODUCT_DEFINITION('design','',#3137,#3134);
#3139=PRODUCT_DEFINITION_SHAPE('','SHAPE FOR 112405-12.',#3138);
#3140=SHAPE_DEFINITION_REPRESENTATION(#3139,#3131);
ENDSEC;
END-ISO-10303-21;
